Bands IC,Band Acc,Système,Poste,Mi-temps,Start Time,Durée (s),Start Vel (km/h),Acc Max (m/s²),Distance (m)
Band IC 3,Dec > 3m/s²,Syst 352,DC,MT1,14:33:14,"3,5","20,37","3,23","12,47"
Band IC 3,Acc > 3m/s²,Syst 352,DC,MT1,14:33:18,2,"6,59","3,13","9,74"
Band IC 3,Acc > 3m/s²,Syst 352,DC,MT1,14:40:54,"1,4","6,37","3,3","5,79"
Band IC 3,Dec > 3m/s²,Syst 352,DC,MT1,14:43:05,"3,1","17,7","3,18","11,99"
Band IC 3,Dec > 3m/s²,Syst 352,DC,MT1,14:43:25,"0,6","13,3","3,29","0,91"
Band IC 3,Dec > 3m/s²,Syst 352,DC,MT1,14:46:01,1,"15,11","3,17","2,11"
Band IC 3,Dec > 3m/s²,Syst 352,DC,MT1,14:51:07,"0,7","15,49","3,74","1,32"
Band IC 3,Dec > 3m/s²,Syst 352,DC,MT1,14:59:37,"2,9","22,5","3,83","13,19"
Band IC 3,Acc > 3m/s²,Syst 352,DC,MT1,15:01:58,"1,7","5,2","3,12","7,22"
Band IC 3,Dec > 4m/s²,Syst 352,DC,MT1,15:05:08,"1,8","23,29","4,33","4,79"
Band IC 3,Dec > 3m/s²,Syst 352,DC,MT1,15:06:46,"2,1","17,91","3,43","7,2"
Band IC 3,Dec > 3m/s²,Syst 352,DC,MT2,15:39:45,"2,4","17,34",3,"5,71"
Band IC 3,Dec > 3m/s²,Syst 352,DC,MT2,16:02:30,"1,2","16,72","3,29","2,96"
Band IC 3,Dec > 3m/s²,Syst 352,DC,MT2,16:03:32,"1,3","15,18","3,3","2,46"
Band IC 3,Dec > 3m/s²,Syst 352,DC,MT2,16:04:44,"2,5","23,92","3,3","9,48"
Band IC 3,Acc > 3m/s²,Syst 352,DC,MT2,16:13:06,"1,7","5,46","3,27","7,76"
Band IC 3,Dec > 3m/s²,Syst 352,DC,MT2,16:14:34,"1,6","20,95","3,15","4,72"
Band IC 3,Dec > 3m/s²,Syst 352,DC,MT2,16:14:40,"1,8","20,1","3,1","5,66"
Band IC 3,Dec > 4m/s²,Syst 352,LAT,MT1,14:34:16,"0,8","19,13","5,4","1,73"
Band IC 3,Dec > 3m/s²,Syst 352,LAT,MT1,14:35:18,"1,6","18,45","3,84","4,11"
Band IC 3,Acc > 3m/s²,Syst 352,LAT,MT1,14:39:23,"1,2","5,47","3,15","4,68"
Band IC 3,Acc > 3m/s²,Syst 352,LAT,MT1,14:39:34,"1,9","5,82","3,76","9,96"
Band IC 3,Dec > 3m/s²,Syst 352,LAT,MT1,14:39:36,"1,2","22,43","3,59","4,67"
Band IC 3,Acc > 3m/s²,Syst 352,LAT,MT1,14:40:52,"2,6","7,54","3,35","15,87"
Band IC 3,Dec > 3m/s²,Syst 352,LAT,MT1,14:42:25,"4,1","21,22","3,1","14,79"
Band IC 3,Acc > 3m/s²,Syst 352,LAT,MT1,14:46:11,"3,5","5,11","3,19","17,7"
Band IC 3,Acc > 3m/s²,Syst 352,LAT,MT1,14:49:14,"2,7","7,57","3,23","16,9"
Band IC 3,Dec > 4m/s²,Syst 352,LAT,MT1,14:51:27,"1,7","22,35","4,2","6,41"
Band IC 3,Dec > 3m/s²,Syst 352,LAT,MT1,14:54:23,"2,1","18,8","3,23","6,13"
Band IC 3,Acc > 3m/s²,Syst 352,LAT,MT1,14:58:24,"3,7","5,4","3,27","19,56"
Band IC 3,Dec > 4m/s²,Syst 352,LAT,MT1,14:59:37,"2,4","22,73","4,84","10,29"
Band IC 3,Acc > 3m/s²,Syst 352,LAT,MT1,15:02:42,"1,5","5,8","3,46","5,15"
Band IC 3,Dec > 3m/s²,Syst 352,LAT,MT1,15:02:43,"0,6","13,1","3,75","0,86"
Band IC 3,Dec > 3m/s²,Syst 352,LAT,MT1,15:05:08,"1,4","18,73","3,65","4,21"
Band IC 3,Dec > 4m/s²,Syst 352,LAT,MT1,15:08:57,1,"18,94","5,1","1,8"
Band IC 3,Dec > 3m/s²,Syst 352,LAT,MT2,15:16:25,"1,3","18,82","3,68","3,69"
Band IC 3,Dec > 3m/s²,Syst 352,LAT,MT2,15:33:57,"1,1","15,84","3,62","2,47"
Band IC 3,Dec > 4m/s²,Syst 352,LAT,MT2,15:42:53,"1,3","21,7","4,56","3,69"
Band IC 3,Dec > 4m/s²,Syst 352,LAT,MT2,15:48:10,"1,5","29,85","5,88","8,34"
Band IC 3,Dec > 3m/s²,Syst 352,LAT,MT2,15:50:26,"1,3","17,64","3,23","3,33"
Band IC 3,Dec > 4m/s²,Syst 352,LAT,MT2,15:54:45,"0,7","16,94","4,5","1,47"
Band IC 3,Dec > 3m/s²,Syst 352,LAT,MT2,15:54:51,"2,1","21,82","3,21","7,77"
Band IC 3,Dec > 3m/s²,Syst 352,LAT,MT2,15:59:13,"1,6","21,94","3,7","5,92"
Band IC 3,Dec > 3m/s²,Syst 352,LAT,MT2,15:59:17,"1,5","21,99","3,7","4,94"
Band IC 3,Acc > 3m/s²,Syst 352,LAT,MT2,16:00:44,"1,2","5,23","3,29","4,61"
Band IC 3,Acc > 3m/s²,Syst 352,LAT,MT2,16:01:45,"1,7","6,5","3,19","7,78"
Band IC 3,Dec > 3m/s²,Syst 352,LAT,MT2,16:01:47,"1,5","19,1","3,6","4,42"
Band IC 3,Dec > 3m/s²,Syst 352,LAT,MT2,16:02:24,"1,9","20,45","3,53","5,37"
Band IC 3,Dec > 3m/s²,Syst 352,LAT,MT2,16:08:19,"1,4","17,95","3,11","4,43"
Band IC 3,Acc > 3m/s²,Syst 352,LAT,MT2,16:08:21,3,"5,61","3,18","13,87"
Band IC 3,Acc > 3m/s²,Syst 352,LAT,MT2,16:12:05,"1,5","5,74","3,92","7,19"
Band IC 3,Dec > 3m/s²,Syst 352,LAT,MT2,16:12:44,"0,7","15,26","3,53","1,39"
Band IC 3,Acc > 3m/s²,Syst 352,DC,MT1,14:30:57,"1,7","6,1","3,25","7,77"
Band IC 3,Dec > 3m/s²,Syst 352,DC,MT1,15:01:29,"1,4","13,89","3,1","4,4"
Band IC 3,Dec > 3m/s²,Syst 352,DC,MT2,15:40:37,"1,3","16,55","3,24","3,83"
Band IC 3,Dec > 3m/s²,Syst 352,DC,MT2,15:51:01,"2,3","16,87","3,6","7,51"
Band IC 3,Dec > 3m/s²,Syst 352,DC,MT2,16:14:40,"1,9","19,5","3,58","4,87"
Band IC 3,Acc > 3m/s²,Syst 352,LAT,MT2,15:35:02,"1,6","5,41","3,6","7,42"
Band IC 3,Dec > 3m/s²,Syst 352,LAT,MT2,15:35:22,"1,9","20,36","3,15","5,92"
Band IC 3,Dec > 3m/s²,Syst 352,LAT,MT2,15:37:41,"1,3","17,7","3,17","3,26"
Band IC 3,Dec > 3m/s²,Syst 352,LAT,MT2,15:42:29,"2,8","23,18","3,96","11,49"
Band IC 3,Acc > 3m/s²,Syst 352,LAT,MT2,15:42:42,"1,2","5,29","3,22","4,67"
Band IC 3,Dec > 3m/s²,Syst 352,LAT,MT2,15:42:44,"0,9","14,1","3,15","1,65"
Band IC 3,Acc > 3m/s²,Syst 352,LAT,MT2,15:50:07,"2,2","5,5","3,2","10,57"
Band IC 3,Dec > 4m/s²,Syst 352,LAT,MT2,15:50:10,"1,6","20,81","4,32","4,84"
Band IC 3,Dec > 3m/s²,Syst 352,LAT,MT2,15:50:13,"0,6","13,64","3,74","0,83"
Band IC 3,Dec > 3m/s²,Syst 352,LAT,MT2,15:50:18,"0,5","12,2","3,26","0,62"
Band IC 3,Dec > 3m/s²,Syst 352,LAT,MT2,15:50:32,"3,6","24,2","3,2","13,4"
Band IC 3,Dec > 3m/s²,Syst 352,LAT,MT2,15:53:15,1,"16,27","3,31","2,5"
Band IC 3,Dec > 3m/s²,Syst 352,LAT,MT2,15:54:53,"1,1","16,76","3,26","2,16"
Band IC 3,Dec > 3m/s²,Syst 352,LAT,MT2,15:57:42,"2,8","21,81","3,35","8,18"
Band IC 3,Dec > 3m/s²,Syst 352,LAT,MT2,15:59:51,"1,7","16,8","3,19","4,5"
Band IC 3,Dec > 3m/s²,Syst 352,LAT,MT2,16:02:30,2,"26,3","3,46","6,79"
Band IC 3,Dec > 3m/s²,Syst 352,LAT,MT2,16:03:37,"1,1","19,36","3,62","3,5"
Band IC 3,Dec > 3m/s²,Syst 352,LAT,MT2,16:08:01,"1,6","18,28","3,26","4,3"
Band IC 3,Dec > 3m/s²,Syst 352,LAT,MT2,16:13:04,"1,2","18,8","3,44","3,55"
Band IC 4,Dec > 3m/s²,Syst 352,MCO,MT1,14:33:16,"1,7","22,65","3,16","7,9"
Band IC 4,Acc > 3m/s²,Syst 352,MCO,MT1,14:34:01,"2,1","6,8","3,23","10,2"
Band IC 4,Acc > 3m/s²,Syst 352,MCO,MT1,14:36:15,"1,3","5,2","3,33","5,4"
Band IC 4,Acc > 3m/s²,Syst 352,MCO,MT1,14:40:53,2,"7,52","3,3","10,13"
Band IC 4,Acc > 3m/s²,Syst 352,MCO,MT1,14:44:37,"1,3","5,59","3,26","5,59"
Band IC 4,Dec > 3m/s²,Syst 352,MCO,MT1,14:53:13,"1,3","14,5","3,29","2,82"
Band IC 4,Dec > 3m/s²,Syst 352,MCO,MT1,14:55:49,"3,2","17,26","3,54","11,48"
Band IC 4,Acc > 3m/s²,Syst 352,MCO,MT1,15:00:22,"2,4","5,64","3,16","11,31"
Band IC 4,Dec > 3m/s²,Syst 352,MCO,MT1,15:01:19,"1,6","22,15","3,74","5,86"
Band IC 4,Acc > 3m/s²,Syst 352,MCO,MT1,15:06:15,"1,2","5,68","3,2","4,96"
Band IC 4,Dec > 3m/s²,Syst 352,MCO,MT1,15:07:11,"2,9","23,93","3,38","9,5"
Band IC 4,Acc > 3m/s²,Syst 352,MCO,MT2,15:16:10,"3,8","5,75","3,3","21,71"
Band IC 4,Dec > 4m/s²,Syst 352,MCO,MT2,15:43:19,2,"21,7","4,1","7,18"
Band IC 4,Dec > 3m/s²,Syst 352,MCO,MT2,15:45:02,"2,1","23,16","3,9","6,67"
Band IC 4,Acc > 3m/s²,Syst 352,MCO,MT2,15:45:39,"3,2","5,9","3,23","18,4"
Band IC 4,Dec > 3m/s²,Syst 352,MCO,MT2,15:52:13,"2,6","26,12","3,83","9,15"
Band IC 4,Dec > 3m/s²,Syst 352,MCO,MT2,16:04:01,"1,4","15,13","3,39","3,51"
Band IC 4,Dec > 3m/s²,Syst 352,MCO,MT2,16:04:10,"1,7","20,6","3,48",6
Band IC 4,Acc > 3m/s²,Syst 352,MCO,MT2,16:09:08,"2,2","6,23","3,17","11,67"
Band IC 4,Dec > 3m/s²,Syst 352,MCO,MT2,16:09:50,4,"21,12","3,4","16,62"
Band IC 4,Dec > 3m/s²,Syst 352,MCO,MT2,16:10:10,"1,9","19,71","3,56","4,95"
Band IC 4,Dec > 3m/s²,Syst 352,MCO,MT2,16:10:23,"1,6","16,78","3,11","5,3"
Band IC 4,Acc > 3m/s²,Syst 352,MCO,MT2,16:10:40,"2,7","5,41","3,1","12,39"
Band IC 4,Dec > 4m/s²,Syst 352,MCO,MT2,16:11:27,"0,9","18,79","4,36","2,14"
Band IC 4,Dec > 3m/s²,Syst 352,MCO,MT2,16:14:23,"3,8","23,5","3,66","17,39"
Band IC 4,Dec > 3m/s²,Syst 352,MCO,MT2,16:14:35,"1,8","22,17","3,97","6,63"
Band IC 4,Dec > 3m/s²,Syst 352,MCO,MT2,16:14:48,"1,6","20,22","3,1","4,19"
Band IC 4,Dec > 3m/s²,Syst 352,MCO,MT2,16:17:00,3,"27,5","3,44","11,9"
Band IC 4,Dec > 3m/s²,Syst 352,MCO,MT2,16:18:14,"1,7","19,11","3,11","5,52"
Band IC 4,Dec > 3m/s²,Syst 352,ATT,MT1,14:31:55,"2,4","25,9","3,41","9,43"
Band IC 4,Dec > 3m/s²,Syst 352,ATT,MT1,14:32:34,"0,6","13,58","3,51","0,91"
Band IC 4,Acc > 3m/s²,Syst 352,ATT,MT1,14:33:50,"1,6","6,4","3,7","7,32"
Band IC 4,Dec > 3m/s²,Syst 352,ATT,MT1,14:36:17,1,"16,97","3,86","2,35"
Band IC 4,Dec > 3m/s²,Syst 352,ATT,MT1,14:36:30,"1,9","24,3","3,99","6,64"
Band IC 4,Acc > 3m/s²,Syst 352,ATT,MT1,14:36:59,"1,9","5,15","3,3","6,97"
Band IC 4,Acc > 3m/s²,Syst 352,ATT,MT1,14:37:07,"2,6","5,7","3,3","13,95"
Band IC 4,Dec > 3m/s²,Syst 352,ATT,MT1,14:37:10,"2,3","23,66","3,31","7,89"
Band IC 4,Acc > 3m/s²,Syst 352,ATT,MT1,14:39:10,2,"5,21","3,14","9,92"
Band IC 4,Dec > 3m/s²,Syst 352,ATT,MT1,14:39:12,"1,9","19,4","3,33","6,73"
Band IC 4,Dec > 4m/s²,Syst 352,ATT,MT1,14:46:17,"1,4","19,26","4,38","4,68"
Band IC 4,Dec > 4m/s²,Syst 352,ATT,MT1,14:51:29,"1,2","17,87","4,5","2,44"
Band IC 4,Dec > 3m/s²,Syst 352,ATT,MT1,14:51:34,"1,1","17,13","3,4","2,34"
Band IC 4,Dec > 3m/s²,Syst 352,ATT,MT1,14:51:58,"1,1","15,45","3,21","2,25"
Band IC 4,Dec > 4m/s²,Syst 352,ATT,MT1,14:52:07,"1,7","23,16","4,77","6,66"
Band IC 4,Acc > 3m/s²,Syst 352,ATT,MT1,14:54:14,"1,2","6,2","3,8","4,9"
Band IC 4,Dec > 3m/s²,Syst 352,ATT,MT1,15:02:19,"1,1","15,86","3,8","2,38"
Band IC 4,Acc > 3m/s²,Syst 352,ATT,MT1,15:02:21,"3,3","5,36","3,4","20,63"
Band IC 4,Dec > 3m/s²,Syst 352,ATT,MT1,15:02:24,"2,5","27,68","3,48","10,36"
Band IC 4,Dec > 4m/s²,Syst 352,ATT,MT1,15:05:07,"1,5","22,91","4,2","5,53"
Band IC 4,Acc > 3m/s²,Syst 352,ATT,MT1,15:05:48,"2,5","5,22","3,47","14,1"
Band IC 4,Dec > 3m/s²,Syst 352,ATT,MT1,15:06:50,2,"27,75","3,88","8,27"
Band IC 4,Dec > 3m/s²,Syst 352,ATT,MT2,15:16:16,4,"30,99","3,38","20,34"
Band IC 4,Dec > 3m/s²,Syst 352,ATT,MT2,15:16:25,"2,7","22,43","3,39","7,87"
Band IC 4,Dec > 3m/s²,Syst 352,ATT,MT2,15:36:27,"2,4","22,13","3,23","8,91"
Band IC 4,Dec > 3m/s²,Syst 352,ATT,MT2,15:38:11,"2,5","24,12","3,37","10,21"
Band IC 4,Acc > 3m/s²,Syst 352,ATT,MT2,15:38:41,"2,8","5,27","3,6","15,73"
Band IC 4,Dec > 3m/s²,Syst 352,ATT,MT2,15:38:44,"2,3","24,47","3,6","8,9"
Band IC 4,Dec > 3m/s²,Syst 352,ATT,MT2,15:42:30,2,"23,14","3,6","7,47"
Band IC 4,Dec > 3m/s²,Syst 352,ATT,MT2,15:45:02,3,"28,1","3,17","13,34"
Band IC 4,Dec > 3m/s²,Syst 352,ATT,MT2,15:47:07,"3,3","26,27","3,23","16,1"
Band IC 4,Dec > 3m/s²,Syst 352,ATT,MT2,15:50:35,"2,7","21,82","3,7","11,92"
Band IC 4,Dec > 3m/s²,Syst 352,ATT,MT2,15:51:38,"1,1","15,63","3,5","2,44"
Band IC 4,Dec > 4m/s²,Syst 352,ATT,MT2,15:56:45,"1,3","21,58","5,35","4,59"
Band IC 4,Dec > 3m/s²,Syst 352,ATT,MT2,15:57:34,"1,9","17,59","3,28","6,7"
Band IC 4,Acc > 3m/s²,Syst 352,ATT,MT2,16:09:46,"3,7","5,57","3,41","23,73"
Band IC 4,Dec > 4m/s²,Syst 352,ATT,MT2,16:09:50,"2,9","27,84","4,1","13,46"
Band IC 4,Dec > 3m/s²,Syst 352,ATT,MT2,16:10:21,"3,5","24,18","3,21","16,32"
Band IC 4,Dec > 3m/s²,Syst 352,ATT,MT2,16:18:26,"3,3","28,5","3,3","13,8"
Band IC 3,Dec > 3m/s²,Syst 352,ATT,MT1,14:48:15,"3,1","21,79","3,24","9,7"
Band IC 3,Dec > 3m/s²,Syst 352,ATT,MT1,14:50:11,"1,4","18,88","3,33","3,41"
Band IC 3,Acc > 3m/s²,Syst 352,ATT,MT1,14:51:10,"2,6","5,2","3,18","13,13"
Band IC 3,Dec > 4m/s²,Syst 352,ATT,MT1,14:52:07,"1,8","23,81","4,48","6,42"
Band IC 3,Acc > 3m/s²,Syst 352,ATT,MT1,14:54:39,"2,1","5,9","3,9","10,45"
Band IC 3,Dec > 3m/s²,Syst 352,ATT,MT1,14:54:41,"1,6",21,"3,55","5,1"
Band IC 3,Dec > 3m/s²,Syst 352,ATT,MT1,14:55:20,"1,7","19,38","3,37","4,71"
Band IC 3,Dec > 3m/s²,Syst 352,ATT,MT1,14:55:48,"2,6","24,55","3,46","12,52"
Band IC 3,Dec > 4m/s²,Syst 352,ATT,MT1,14:57:34,"1,9","21,48","4,8","7,6"
Band IC 3,Dec > 3m/s²,Syst 352,ATT,MT1,15:00:27,"3,6","27,58","3,56","18,64"
Band IC 3,Dec > 3m/s²,Syst 352,ATT,MT1,15:01:21,"1,7","18,61","3,84","3,73"
Band IC 3,Acc > 3m/s²,Syst 352,ATT,MT1,15:02:22,"1,8","5,39","3,9","7,88"
Band IC 3,Dec > 4m/s²,Syst 352,ATT,MT1,15:03:40,"3,3","26,99","4,48","17,19"
Band IC 3,Dec > 4m/s²,Syst 352,ATT,MT1,15:05:54,"1,6","25,55","4,46","5,55"
Band IC 3,Dec > 3m/s²,Syst 352,ATT,MT1,15:05:57,"1,6","20,8","3,93","4,97"
Band IC 3,Dec > 4m/s²,Syst 352,ATT,MT1,15:12:10,"1,5","19,44","4,1","4,38"
Band IC 3,Acc > 3m/s²,Syst 352,ATT,MT1,15:14:54,"1,8","6,5","3,55","9,14"
Band IC 3,Dec > 3m/s²,Syst 352,ATT,MT1,15:14:56,"1,8","20,51","3,65","5,82"
Band IC 3,Dec > 3m/s²,Syst 352,ATT,MT2,15:16:19,"3,2","29,18","3,86","16,79"
Band IC 3,Acc > 3m/s²,Syst 352,ATT,MT2,15:34:25,"1,3","5,8","3,27","5,55"
Band IC 3,Dec > 4m/s²,Syst 352,ATT,MT2,15:35:04,"1,2","19,88","4,26","3,7"
Band IC 3,Dec > 3m/s²,Syst 352,ATT,MT2,15:36:27,"3,3","27,23","3,35","12,8"
Band IC 3,Dec > 3m/s²,Syst 352,ATT,MT2,15:36:46,"1,2","17,77","3,36","3,8"
Band IC 3,Dec > 3m/s²,Syst 352,ATT,MT2,15:38:06,"1,5","19,51","3,35","4,97"
Band IC 3,Dec > 3m/s²,Syst 352,ATT,MT2,15:39:29,"1,2","15,95","3,43","3,24"
Band IC 3,Acc > 3m/s²,Syst 352,ATT,MT2,15:40:51,"3,3","6,2","3,32","18,62"
Band IC 3,Dec > 4m/s²,Syst 352,ATT,MT2,15:40:55,"1,6","24,32","4,61","6,81"
Band IC 3,Dec > 3m/s²,Syst 352,ATT,MT2,15:40:59,"0,9","14,39","3,79","2,24"
Band IC 3,Dec > 3m/s²,Syst 352,ATT,MT2,15:42:58,"1,4","16,1","3,2","4,8"
Band IC 3,Dec > 3m/s²,Syst 352,ATT,MT2,15:43:29,1,"14,97","3,11","2,52"
Band IC 3,Dec > 3m/s²,Syst 352,ATT,MT2,15:45:33,"0,9","13,26","3,16","1,63"
Band IC 3,Dec > 4m/s²,Syst 352,ATT,MT2,15:47:08,"2,2","25,48","4,84","9,69"
Band IC 3,Dec > 3m/s²,Syst 352,ATT,MT2,15:47:49,"2,1","17,18","3,18","7,73"
Band IC 3,Dec > 3m/s²,Syst 352,ATT,MT2,15:48:48,"2,5","21,18","3,27","6,31"
Band IC 3,Dec > 3m/s²,Syst 352,ATT,MT2,15:50:36,"1,4","19,2","3,25","3,67"
Band IC 3,Dec > 3m/s²,Syst 352,ATT,MT2,15:51:36,"0,8","15,12","3,35","1,65"
Band IC 3,Dec > 3m/s²,Syst 352,ATT,MT2,15:52:13,"2,4","21,27","3,24","7,52"
Band IC 3,Dec > 3m/s²,Syst 352,ATT,MT2,15:53:35,"0,8","14,15","3,27","1,65"
Band IC 3,Dec > 3m/s²,Syst 352,ATT,MT2,15:56:24,"0,9","13,68","3,3","1,56"
Band IC 3,Acc > 3m/s²,Syst 352,ATT,MT2,15:59:07,5,"5,15","3,26","18,59"
Band IC 3,Dec > 4m/s²,Syst 352,ATT,MT2,15:59:12,"1,3","22,47","4,97","3,56"
Band IC 3,Dec > 3m/s²,Syst 352,ATT,MT2,16:00:45,"1,3","17,89","3,12","4,8"
Band IC 3,Dec > 3m/s²,Syst 352,ATT,MT2,16:02:03,"1,7","20,23","3,39","5,35"
Band IC 3,Dec > 4m/s²,Syst 352,ATT,MT2,16:03:31,"1,6","20,62","4,32","5,57"
Band IC 3,Dec > 4m/s²,Syst 352,ATT,MT2,16:05:01,1,"17,72","4,28","2,26"
Band IC 3,Dec > 3m/s²,Syst 352,ATT,MT2,16:05:41,"4,9","25,82","3,86","22,17"
Band IC 3,Acc > 3m/s²,Syst 352,ATT,MT2,16:06:50,"3,5","5,66","3,1","16,59"
Band IC 3,Acc > 3m/s²,Syst 352,ATT,MT2,16:08:19,"2,2",5,"3,25","9,85"
Band IC 3,Dec > 3m/s²,Syst 352,ATT,MT2,16:17:33,"1,5","16,96","3,98","4,43"
Band IC 3,Dec > 3m/s²,Syst 352,DC,MT2,15:41:08,"1,8","18,53","3,3","5,62"
Band IC 3,Dec > 3m/s²,Syst 352,DC,MT2,15:42:01,"1,8","18,43","3,13","5,68"
Band IC 3,Dec > 3m/s²,Syst 352,DC,MT2,15:59:47,"1,3","21,76","3,2","5,33"
Band IC 3,Dec > 3m/s²,Syst 352,DC,MT2,16:01:07,3,"21,12","3,33","12,81"
Band IC 3,Acc > 3m/s²,Syst 352,DC,MT2,16:08:27,"3,1","5,59","3,15","18,3"
Band IC 3,Dec > 3m/s²,Syst 433,DC,MT1,14:31:32,"1,6","19,56","3,37","4,91"
Band IC 3,Dec > 4m/s²,Syst 433,DC,MT1,14:34:25,"1,4","25,39","4,85","4,74"
Band IC 3,Acc > 3m/s²,Syst 433,DC,MT1,14:37:47,"1,4","5,48","3,19","5,72"
Band IC 3,Dec > 3m/s²,Syst 433,DC,MT1,14:37:48,"1,1","15,97","3,25","2,7"
Band IC 3,Acc > 3m/s²,Syst 433,DC,MT1,14:38:45,"3,6","5,16","3,1","20,54"
Band IC 3,Dec > 4m/s²,Syst 433,DC,MT1,14:40:14,"1,8","25,93","4,24","7,1"
Band IC 3,Acc > 3m/s²,Syst 433,DC,MT1,14:49:09,"2,4","5,23","3,4","12,23"
Band IC 3,Dec > 4m/s²,Syst 433,DC,MT1,14:52:11,"2,4","28,8","4,17","9,95"
Band IC 3,Dec > 3m/s²,Syst 433,DC,MT1,14:54:12,"3,1","30,2","3,55","14,33"
Band IC 3,Acc > 3m/s²,Syst 433,DC,MT1,14:55:17,2,"5,15","3,2","9,58"
Band IC 3,Dec > 3m/s²,Syst 433,DC,MT1,14:55:29,"1,4","16,78","3,55","4,37"
Band IC 3,Dec > 3m/s²,Syst 433,DC,MT1,14:58:35,"2,8","23,53","3,87","12,87"
Band IC 3,Dec > 3m/s²,Syst 433,DC,MT1,14:59:21,"1,8","17,14","3,26","3,81"
Band IC 3,Acc > 3m/s²,Syst 433,DC,MT1,15:01:32,"1,5","9,89","3,46","8,26"
Band IC 3,Acc > 3m/s²,Syst 433,DC,MT1,15:02:19,"2,2","5,56","3,14",12
Band IC 3,Dec > 4m/s²,Syst 433,DC,MT1,15:02:22,"1,6","23,3","4,3","5,49"
Band IC 3,Dec > 3m/s²,Syst 433,DC,MT1,15:06:16,"0,9","14,46","3,15","1,82"
Band IC 3,Acc > 3m/s²,Syst 433,DC,MT1,15:06:17,1,"8,1","3,5","4,42"
Band IC 3,Dec > 3m/s²,Syst 433,DC,MT1,15:06:18,"1,3","14,27","3,57","2,84"
Band IC 3,Acc > 3m/s²,Syst 433,DC,MT1,15:06:20,"2,6","5,21","3,55","14,43"
Band IC 3,Acc > 3m/s²,Syst 433,DC,MT1,15:06:28,"1,4","6,8","3,56","6,55"
Band IC 3,Acc > 3m/s²,Syst 433,DC,MT1,15:09:56,"1,4","5,12",4,"6,67"
Band IC 3,Dec > 3m/s²,Syst 433,DC,MT1,15:09:57,"2,1","18,46","3,11","7,39"
Band IC 3,Acc > 3m/s²,Syst 433,DC,MT1,15:10:14,2,"5,9","3,11","9,5"
Band IC 3,Dec > 3m/s²,Syst 433,DC,MT2,15:37:17,"1,8","19,12","3,45","6,27"
Band IC 3,Acc > 3m/s²,Syst 433,DC,MT2,15:39:27,"3,3","6,16","3,71","19,87"
Band IC 3,Dec > 3m/s²,Syst 433,DC,MT2,15:45:24,"1,5","15,32","3,8","3,86"
Band IC 3,Acc > 3m/s²,Syst 433,DC,MT2,15:46:48,"1,5","5,1","3,41","6,36"
Band IC 3,Acc > 3m/s²,Syst 433,DC,MT2,15:54:38,"1,8","5,22","3,9","8,52"
Band IC 3,Dec > 4m/s²,Syst 433,DC,MT2,15:54:40,"1,2","18,97","4,23","2,76"
Band IC 3,Dec > 4m/s²,Syst 433,DC,MT2,16:08:27,"0,9","17,11","4,6","2,33"
Band IC 3,Acc > 4m/s²,Syst 433,DC,MT2,16:08:29,"1,6","5,21","4,16","7,69"
Band IC 3,Dec > 3m/s²,Syst 433,DC,MT2,16:10:29,"1,5","18,23","3,2","4,13"
Band IC 3,Dec > 3m/s²,Syst 433,DC,MT2,16:14:21,"2,5","24,86","3,6","9,22"
Band IC 3,Acc > 3m/s²,Syst 433,DC,MT1,14:38:45,1,"5,51","3,34","4,6"
Band IC 3,Dec > 3m/s²,Syst 433,DC,MT1,14:43:03,"1,1","17,42","3,49","3,7"
Band IC 3,Dec > 3m/s²,Syst 433,DC,MT1,15:04:13,"1,6","17,78","3,74","5,29"
Band IC 3,Acc > 3m/s²,Syst 433,DC,MT1,15:06:10,2,"5,28","3,9","9,44"
Band IC 3,Dec > 4m/s²,Syst 433,DC,MT1,15:12:12,"1,4","18,66","4,19","3,38"
Band IC 3,Acc > 3m/s²,Syst 433,DC,MT2,15:41:28,"1,2","5,69","3,22","4,89"
Band IC 3,Acc > 3m/s²,Syst 433,DC,MT2,15:47:48,"1,6","5,24","3,17","7,2"
Band IC 3,Dec > 3m/s²,Syst 433,DC,MT2,15:47:50,"1,6","17,7","3,2","3,57"
Band IC 3,Dec > 3m/s²,Syst 433,DC,MT2,15:56:05,"1,1","15,5","3,83","2,98"
Band IC 3,Dec > 4m/s²,Syst 433,DC,MT2,16:14:31,"1,3","18,74",4,"3,14"
Band IC 3,Dec > 3m/s²,Syst 433,DC,MT2,16:20:45,"2,1","22,95","3,85","6,71"
Band IC 2,Dec > 3m/s²,Syst 433,LAT,MT1,14:31:34,"1,3","16,21","3,11","2,95"
Band IC 2,Dec > 3m/s²,Syst 433,LAT,MT1,14:35:58,"1,3","14,65","3,8","3,7"
Band IC 2,Dec > 3m/s²,Syst 433,LAT,MT1,14:40:14,"1,8","24,37","3,64","6,6"
Band IC 2,Acc > 3m/s²,Syst 433,LAT,MT1,14:43:04,"1,4","5,61","3,37","6,27"
Band IC 2,Acc > 3m/s²,Syst 433,LAT,MT1,14:49:17,"2,5","5,77","3,38","13,42"
Band IC 2,Dec > 3m/s²,Syst 433,LAT,MT1,14:49:19,"2,2","22,78","3,57","7,89"
Band IC 2,Acc > 3m/s²,Syst 433,LAT,MT1,14:52:38,"3,4","7,4","3,29","19,38"
Band IC 2,Acc > 3m/s²,Syst 433,LAT,MT1,14:54:09,"3,9","5,28","3,53","23,96"
Band IC 2,Dec > 3m/s²,Syst 433,LAT,MT1,14:55:59,"2,1","22,9","3,1","7,6"
Band IC 2,Dec > 3m/s²,Syst 433,LAT,MT1,14:58:35,"3,1","24,22","3,72","13,18"
Band IC 2,Acc > 3m/s²,Syst 433,LAT,MT1,15:02:21,"1,9","7,17","3,2","7,88"
Band IC 2,Dec > 3m/s²,Syst 433,LAT,MT1,15:02:23,"1,9","18,41","3,8","4,59"
Band IC 2,Dec > 3m/s²,Syst 433,LAT,MT1,15:09:32,"1,3","16,53","3,17","2,85"
Band IC 2,Dec > 3m/s²,Syst 433,LAT,MT1,15:09:37,"2,5","19,56","3,19","8,63"
Band IC 2,Acc > 3m/s²,Syst 433,LAT,MT1,15:11:06,"1,9","9,6","3,17","10,41"
Band IC 2,Acc > 3m/s²,Syst 433,LAT,MT1,15:13:56,"2,1","5,49","3,3","8,79"
Band IC 2,Dec > 3m/s²,Syst 433,LAT,MT1,15:14:07,"2,4","25,2","3,35","9,66"
Band IC 2,Dec > 4m/s²,Syst 433,LAT,MT2,15:37:17,"1,4","18,41","4,39","3,88"
Band IC 2,Acc > 3m/s²,Syst 433,LAT,MT2,15:37:20,"2,5","5,97","3,95","14,77"
Band IC 2,Dec > 3m/s²,Syst 433,LAT,MT2,15:37:22,"2,3","24,56","3,55","7,17"
Band IC 2,Dec > 4m/s²,Syst 433,LAT,MT2,15:39:34,"1,1","21,95","4,71","3,33"
Band IC 2,Acc > 3m/s²,Syst 433,LAT,MT2,15:43:29,"1,3","5,75","3,7",6
Band IC 2,Dec > 3m/s²,Syst 433,LAT,MT2,15:43:31,"1,8","17,45","3,85","4,88"
Band IC 2,Dec > 4m/s²,Syst 433,LAT,MT2,15:45:24,1,"18,65","4,55","2,35"
Band IC 2,Dec > 3m/s²,Syst 433,LAT,MT2,15:51:53,"2,5","28,77","3,4","10,82"
Band IC 2,Dec > 3m/s²,Syst 433,LAT,MT2,15:54:56,"2,2","22,57","3,43","6,72"
Band IC 2,Dec > 3m/s²,Syst 433,LAT,MT2,15:59:24,"1,6","18,63","3,9","4,9"
Band IC 2,Dec > 3m/s²,Syst 433,LAT,MT2,16:01:04,"3,4","21,54","3,19","14,78"
Band IC 2,Dec > 3m/s²,Syst 433,LAT,MT2,16:03:23,"1,3","16,58","3,35","3,13"
Band IC 2,Acc > 3m/s²,Syst 433,LAT,MT2,16:03:24,"1,9","7,32","3,28","9,86"
Band IC 2,Dec > 3m/s²,Syst 433,LAT,MT2,16:03:26,"1,3","20,53","3,79","3,2"
Band IC 2,Dec > 3m/s²,Syst 433,LAT,MT2,16:04:02,"3,3","26,5","3,19","11,4"
Band IC 2,Dec > 4m/s²,Syst 433,LAT,MT2,16:10:30,"1,6","20,67","4,66","4,89"
Band IC 2,Acc > 3m/s²,Syst 433,LAT,MT2,16:14:49,"2,4","5,17","3,61","13,24"
Band IC 2,Dec > 4m/s²,Syst 433,LAT,MT2,16:14:51,"1,1","24,2","5,31","2,9"
Band IC 2,Dec > 3m/s²,Syst 433,LAT,MT2,16:16:43,1,"18,52","3,88","2,6"
Band IC 4,Dec > 3m/s²,Syst 433,MCO,MT2,15:48:06,"1,2","16,23","3,67","2,46"
Band IC 4,Dec > 3m/s²,Syst 433,MCO,MT2,15:50:30,"1,6","22,19","3,57","5,24"
Band IC 4,Dec > 3m/s²,Syst 433,MCO,MT2,15:52:38,"1,9","17,94","3,3","6,13"
Band IC 4,Acc > 3m/s²,Syst 433,MCO,MT2,15:57:13,"2,6","5,62","3,13","13,71"
Band IC 4,Dec > 3m/s²,Syst 433,MCO,MT2,16:07:49,"1,5","21,24","3,35","5,6"
Band IC 4,Dec > 3m/s²,Syst 433,MCO,MT2,16:10:45,"2,7","19,45","3,4","10,31"
Band IC 4,Dec > 3m/s²,Syst 433,MCO,MT2,16:16:37,"2,3","20,58","3,21","8,56"
Band IC 4,Acc > 3m/s²,Syst 433,MCO,MT2,16:18:33,"1,9","5,24","3,3","8,26"
Band IC 4,Acc > 3m/s²,Syst 433,AIL,MT1,14:30:53,"2,2","5,93","3,1","10,64"
Band IC 4,Dec > 3m/s²,Syst 433,AIL,MT1,14:30:56,"2,4","19,77","3,74","8,23"
Band IC 4,Dec > 4m/s²,Syst 433,AIL,MT1,14:31:39,"2,4","26,86","4,45","11,28"
Band IC 4,Acc > 3m/s²,Syst 433,AIL,MT1,14:32:22,"3,1","8,84",3,"19,2"
Band IC 4,Acc > 3m/s²,Syst 433,AIL,MT1,14:33:26,"5,9","5,45","3,78","41,6"
Band IC 4,Dec > 3m/s²,Syst 433,AIL,MT1,14:33:32,3,31,"3,6","14,76"
Band IC 4,Acc > 3m/s²,Syst 433,AIL,MT1,14:37:35,"3,2","5,47","3,7","18,97"
Band IC 4,Dec > 3m/s²,Syst 433,AIL,MT1,14:38:54,"0,7","15,68","3,67","1,51"
Band IC 4,Acc > 3m/s²,Syst 433,AIL,MT1,14:47:21,"1,2","5,48","3,54","5,41"
Band IC 4,Dec > 3m/s²,Syst 433,AIL,MT1,14:49:54,3,"28,91","3,71","12,28"
Band IC 4,Dec > 3m/s²,Syst 433,AIL,MT1,14:52:42,"1,5","15,36","3,9","3,71"
Band IC 4,Acc > 3m/s²,Syst 433,AIL,MT1,14:56:29,"4,9","5,17","3,14","31,16"
Band IC 4,Dec > 3m/s²,Syst 433,AIL,MT1,15:01:24,"1,1","15,78","3,53","2,96"
Band IC 4,Dec > 3m/s²,Syst 433,AIL,MT1,15:05:56,1,"15,24","3,23","1,85"
Band IC 4,Dec > 3m/s²,Syst 433,AIL,MT1,15:10:10,"1,7","19,99","3,27","5,17"
Band IC 4,Dec > 3m/s²,Syst 433,AIL,MT1,15:12:54,"2,4","26,66","3,66","9,9"
Band IC 4,Dec > 3m/s²,Syst 433,AIL,MT1,15:13:55,1,"15,5","3,24","2,34"
Band IC 4,Acc > 3m/s²,Syst 433,AIL,MT1,15:13:56,"1,9","5,45","3,8","7,86"
Band IC 4,Dec > 3m/s²,Syst 433,AIL,MT1,15:13:58,"1,7","19,35","3,36","5,18"
Band IC 4,Acc > 3m/s²,Syst 433,AIL,MT2,15:15:36,"3,6","5,15","3,42","22,23"
Band IC 4,Dec > 3m/s²,Syst 433,AIL,MT1,14:31:27,"1,5","16,17","3,7","4,31"
Band IC 4,Dec > 4m/s²,Syst 433,MCO,MT1,14:32:26,"1,7","24,45","5,13","5,63"
Band IC 4,Acc > 3m/s²,Syst 433,MCO,MT1,14:33:24,"3,7","7,71","3,48","22,35"
Band IC 4,Dec > 3m/s²,Syst 433,MCO,MT1,14:36:14,"2,2","21,61","3,6","7,63"
Band IC 4,Dec > 4m/s²,Syst 433,MCO,MT1,14:37:44,"1,9","26,94","4,8","6,4"
Band IC 4,Acc > 3m/s²,Syst 433,MCO,MT1,14:41:32,"2,3","6,52","3,2","11,67"
Band IC 4,Dec > 4m/s²,Syst 433,MCO,MT1,14:43:02,"3,2","22,46","4,4","14,7"
Band IC 4,Dec > 3m/s²,Syst 433,MCO,MT1,14:43:09,"2,1","23,56","3,79","6,5"
Band IC 4,Dec > 3m/s²,Syst 433,MCO,MT1,14:47:16,"1,6","18,1","3,52","5,63"
Band IC 4,Dec > 3m/s²,Syst 433,MCO,MT1,14:49:23,1,"17,2","3,52","2,6"
Band IC 4,Dec > 3m/s²,Syst 433,MCO,MT1,14:54:09,"1,1","15,23","3,35","1,95"
Band IC 4,Dec > 3m/s²,Syst 433,MCO,MT1,14:55:40,"1,1","16,31","3,52","2,1"
Band IC 4,Dec > 3m/s²,Syst 433,MCO,MT1,14:55:55,1,"17,84",4,"2,37"
Band IC 4,Dec > 3m/s²,Syst 433,MCO,MT1,14:56:04,"0,9","15,78","3,83","1,93"
Band IC 4,Acc > 3m/s²,Syst 433,MCO,MT1,14:59:45,"2,7","8,2","3,32","17,65"
Band IC 4,Acc > 3m/s²,Syst 433,MCO,MT1,15:00:08,"3,7","5,21","3,29","20,37"
Band IC 4,Acc > 3m/s²,Syst 433,MCO,MT1,15:02:25,"2,7","5,86","3,45","12,73"
Band IC 4,Acc > 3m/s²,Syst 433,MCO,MT1,15:03:28,4,"7,85","3,6","24,36"
Band IC 4,Dec > 3m/s²,Syst 433,MCO,MT1,15:04:25,"1,5","20,49","3,51","4,2"
Band IC 4,Dec > 3m/s²,Syst 433,MCO,MT1,15:06:22,"3,6","21,75","3,32","10,97"
Band IC 4,Dec > 4m/s²,Syst 433,AIL,MT2,15:37:43,"0,6","16,58","4,39","0,96"
Band IC 4,Dec > 3m/s²,Syst 433,AIL,MT2,15:40:29,"0,8","15,15","3,8","1,76"
Band IC 4,Acc > 3m/s²,Syst 433,AIL,MT2,15:42:59,"2,3","5,55","3,1","9,7"
Band IC 4,Dec > 3m/s²,Syst 433,AIL,MT2,15:43:20,1,"16,8","3,75","2,16"
Band IC 4,Dec > 3m/s²,Syst 433,AIL,MT2,15:44:25,"2,3","17,7","3,72","7,64"
Band IC 4,Acc > 3m/s²,Syst 433,AIL,MT2,15:48:02,"1,7","5,75","3,26","7,83"
Band IC 4,Dec > 4m/s²,Syst 433,AIL,MT2,15:49:47,"3,1","29,9","4,97","17,68"
Band IC 4,Dec > 3m/s²,Syst 433,AIL,MT2,15:50:30,"1,4","19,43","3,89","3,62"
Band IC 4,Acc > 3m/s²,Syst 433,AIL,MT2,15:55:49,"2,8","5,41","3,19","15,54"
Band IC 4,Dec > 3m/s²,Syst 433,AIL,MT2,15:55:52,"2,3","24,35","3,73","8,74"
Band IC 4,Dec > 3m/s²,Syst 433,AIL,MT2,16:00:51,"1,8","15,82","3,1","4,75"
Band IC 4,Dec > 3m/s²,Syst 433,AIL,MT2,16:04:10,"2,7","16,69","3,11","9,75"
Band IC 4,Dec > 3m/s²,Syst 433,AIL,MT2,16:05:46,"0,8","14,8","3,18","1,63"
Band IC 4,Acc > 3m/s²,Syst 433,AIL,MT2,16:08:03,"2,3","7,1","3,25","10,25"
Band IC 4,Dec > 3m/s²,Syst 433,AIL,MT2,16:08:06,"2,5","20,94","3,43","6,72"
Band IC 4,Dec > 3m/s²,Syst 433,AIL,MT2,16:09:37,"1,9","20,76","3,75","6,9"
Band IC 4,Dec > 3m/s²,Syst 433,AIL,MT2,16:10:45,3,"24,19","3,6","13,85"
Band IC 4,Acc > 3m/s²,Syst 433,AIL,MT2,16:12:58,"2,5","5,7","3,1","11,29"
Band IC 4,Dec > 3m/s²,Syst 433,AIL,MT2,16:13:13,"1,3","20,9","3,6","3,44"
Band IC 4,Dec > 4m/s²,Syst 433,AIL,MT2,16:15:27,"1,2","20,6","4,6","3,88"
Band IC 4,Dec > 3m/s²,Syst 433,AIL,MT2,16:21:48,2,"18,26","3,41",7
Band IC 3,Acc > 3m/s²,Syst 352,DC,MT1,14:36:26,"3,9","7,75","3,6","23,22"
Band IC 3,Dec > 4m/s²,Syst 352,DC,MT1,14:36:30,"2,9","30,11","4,35","11,61"
Band IC 3,Dec > 3m/s²,Syst 352,DC,MT1,14:41:37,"1,3","22,35","3,42","5,41"
Band IC 3,Dec > 3m/s²,Syst 352,DC,MT1,14:44:10,"2,4","20,9","3,23","6,6"
Band IC 3,Acc > 3m/s²,Syst 352,DC,MT1,14:45:25,2,"8,55","3,35","11,5"
Band IC 3,Dec > 3m/s²,Syst 352,DC,MT1,14:47:21,"4,3","30,52","3,1","19,41"
Band IC 3,Acc > 3m/s²,Syst 352,DC,MT1,14:56:08,"1,9","5,3","3,46","9,81"
Band IC 3,Dec > 3m/s²,Syst 352,DC,MT1,14:56:10,"1,5","22,11","3,83","4,64"
Band IC 3,Dec > 3m/s²,Syst 352,DC,MT1,14:59:31,"1,1","20,38","3,64","3,37"
Band IC 3,Acc > 3m/s²,Syst 352,DC,MT1,15:00:33,"1,5","5,33","3,49","6,9"
Band IC 3,Dec > 3m/s²,Syst 352,DC,MT1,15:02:32,"1,3","17,45","3,21","3,21"
Band IC 3,Acc > 3m/s²,Syst 352,DC,MT1,15:02:47,"3,1","5,26","3,35","16,3"
Band IC 3,Dec > 3m/s²,Syst 352,DC,MT1,15:10:42,"1,8","20,63","3,83","5,12"
Band IC 3,Dec > 3m/s²,Syst 352,DC,MT1,15:17:57,"1,9","15,5","3,1","4,9"
Band IC 3,Acc > 3m/s²,Syst 352,DC,MT2,15:41:45,"1,1","5,23","3,37","4,17"
Band IC 3,Dec > 3m/s²,Syst 352,DC,MT2,16:00:06,"1,9","17,83","3,31","4,6"
Band IC 3,Dec > 3m/s²,Syst 352,DC,MT1,14:41:37,"1,6","24,2","3,45","6,9"
Band IC 3,Dec > 3m/s²,Syst 352,DC,MT1,14:44:11,"2,5","23,97","3,52","6,83"
Band IC 3,Dec > 3m/s²,Syst 352,DC,MT1,14:46:01,"1,8","22,42","3,72","4,81"
Band IC 3,Acc > 3m/s²,Syst 352,DC,MT1,15:00:33,"1,6","5,94","3,16","7,49"
Band IC 3,Dec > 3m/s²,Syst 352,DC,MT1,15:02:52,"4,1","23,85","3,18","19,1"
Band IC 3,Dec > 3m/s²,Syst 352,DC,MT1,15:10:42,"1,9","19,58","3,15","4,57"
Band IC 3,Dec > 4m/s²,Syst 352,DC,MT2,15:38:32,"1,8","23,73","4,26","6,48"
Band IC 3,Dec > 3m/s²,Syst 352,DC,MT2,15:40:25,"2,1","19,38","3,34","7,79"
Band IC 3,Acc > 3m/s²,Syst 352,DC,MT2,15:41:45,"1,4","5,15","3,72","6,16"
Band IC 2,Dec > 3m/s²,Syst 352,MCO,MT1,14:42:59,"2,5","17,58","3,11","5,74"
Band IC 2,Dec > 3m/s²,Syst 352,MCO,MT1,14:45:22,"1,3","17,96","3,26","3,96"
Band IC 2,Dec > 3m/s²,Syst 352,MCO,MT1,14:46:08,"2,2","16,55","3,57","6,83"
Band IC 2,Acc > 3m/s²,Syst 352,MCO,MT1,15:11:16,"1,5","5,21","3,45","6,58"
Band IC 2,Dec > 3m/s²,Syst 352,MCO,MT1,15:15:10,"0,8","15,1","3,14","1,75"
Band IC 2,Dec > 3m/s²,Syst 352,MCO,MT1,15:18:55,"1,1","16,59","3,35","2,84"
Band IC 2,Acc > 3m/s²,Syst 352,MCO,MT2,15:38:47,"1,6","5,26","3,2","6,97"
Band IC 2,Dec > 3m/s²,Syst 352,MCO,MT2,15:39:15,1,"15,88","3,1","2,33"
Band IC 2,Dec > 3m/s²,Syst 352,MCO,MT2,15:43:52,"1,9","26,4","3,95","8,18"
Band IC 2,Dec > 3m/s²,Syst 352,MCO,MT2,15:48:34,"2,5","19,8","3,33","8,97"
Band IC 2,Dec > 3m/s²,Syst 352,MCO,MT2,15:48:41,"1,4","17,98","3,11","3,62"
Band IC 2,Dec > 3m/s²,Syst 352,MCO,MT2,15:48:50,"1,8","18,14","3,29","5,41"
Band IC 2,Dec > 3m/s²,Syst 352,MCO,MT2,15:55:09,"1,6","18,95","3,2","4,27"
Band IC 4,Dec > 4m/s²,Syst 352,MCO,MT1,14:33:24,"1,3","21,13","4,22","3,89"
Band IC 4,Dec > 3m/s²,Syst 352,MCO,MT1,14:33:33,"2,6","23,2","3,65","9,89"
Band IC 4,Dec > 3m/s²,Syst 352,MCO,MT1,14:36:52,"1,1","17,59","3,31","2,79"
Band IC 4,Dec > 3m/s²,Syst 352,MCO,MT1,14:42:37,"0,9","13,67","3,36","1,68"
Band IC 4,Dec > 3m/s²,Syst 352,MCO,MT1,14:50:11,"0,9","16,28","3,54","1,94"
Band IC 4,Acc > 3m/s²,Syst 352,MCO,MT1,14:52:01,"1,6","5,1","3,14","6,35"
Band IC 4,Dec > 3m/s²,Syst 352,MCO,MT1,14:58:35,"1,2","21,59","3,53","3,86"
Band IC 4,Dec > 3m/s²,Syst 352,MCO,MT1,14:58:39,"2,6","23,47","3,19","10,98"
Band IC 4,Dec > 3m/s²,Syst 352,MCO,MT1,15:02:31,"0,4","11,98","3,38","0,31"
Band IC 4,Acc > 3m/s²,Syst 352,MCO,MT1,15:02:31,1,"5,3","3,13","3,72"
Band IC 4,Dec > 3m/s²,Syst 352,MCO,MT1,15:02:33,"0,6","12,64","3,6","0,95"
Band IC 4,Acc > 3m/s²,Syst 352,MCO,MT1,15:08:18,"2,1","5,64","3,13","9,92"
Band IC 4,Dec > 3m/s²,Syst 352,MCO,MT1,15:10:04,"5,1","25,93","3,3","23,1"
Band IC 4,Dec > 3m/s²,Syst 352,MCO,MT1,15:14:17,"1,3","17,65","3,86","4,58"
Band IC 4,Acc > 3m/s²,Syst 352,MCO,MT1,15:14:19,"1,7","5,69","3,4","7,19"
Band IC 4,Dec > 3m/s²,Syst 352,MCO,MT1,15:15:33,"1,6","17,9","3,33","3,19"
Band IC 4,Dec > 3m/s²,Syst 352,MCO,MT1,15:16:56,"1,6","22,65","3,3","5,79"
Band IC 4,Dec > 4m/s²,Syst 352,MCO,MT1,15:17:49,"0,7","15,88","4,17","1,3"
Band IC 4,Dec > 3m/s²,Syst 352,MCO,MT1,15:18:05,"1,6","14,82","3,21","4,46"
Band IC 4,Dec > 3m/s²,Syst 352,MCO,MT2,15:39:22,"3,3","20,3","3,73","14,31"
Band IC 4,Dec > 3m/s²,Syst 352,MCO,MT2,15:43:39,"2,5","23,47","3,66","11,2"
Band IC 4,Dec > 4m/s²,Syst 352,MCO,MT2,15:43:45,"1,1","17,21","4,8","3,21"
Band IC 4,Dec > 3m/s²,Syst 352,MCO,MT2,15:48:35,"2,1","22,82","3,34","8,35"
Band IC 3,Dec > 3m/s²,Syst 352,ATT,MT1,14:33:09,1,"15,82","3,8","2,43"
Band IC 3,Dec > 4m/s²,Syst 352,ATT,MT1,14:35:01,"1,2","18,95","4,55","2,54"
Band IC 3,Dec > 3m/s²,Syst 352,ATT,MT1,14:37:42,"2,3","18,16","3,5","7,9"
Band IC 3,Dec > 3m/s²,Syst 352,ATT,MT1,14:39:19,"1,9","22,65","3,58","5,91"
Band IC 3,Dec > 3m/s²,Syst 352,ATT,MT1,14:41:27,"1,3","15,85","3,31","3,8"
Band IC 3,Dec > 3m/s²,Syst 352,ATT,MT1,14:42:26,"2,7","20,19","3,4","10,8"
Band IC 3,Acc > 3m/s²,Syst 352,ATT,MT1,14:46:40,"1,5","5,8","3,12","5,6"
Band IC 3,Dec > 4m/s²,Syst 352,ATT,MT1,14:47:38,"2,9","30,61","4,33","11,28"
Band IC 3,Dec > 3m/s²,Syst 352,ATT,MT1,14:50:11,"1,9","15,99","3,26","3,8"
Band IC 3,Dec > 4m/s²,Syst 352,ATT,MT1,14:50:19,2,"24,65","4,97","8,59"
Band IC 3,Dec > 3m/s²,Syst 352,ATT,MT1,14:53:23,"3,3","23,9","3,3","13,66"
Band IC 3,Dec > 3m/s²,Syst 352,ATT,MT1,14:55:00,"1,4","19,43","3,8","3,21"
Band IC 3,Dec > 3m/s²,Syst 352,ATT,MT1,14:56:41,"2,4","20,89",3,"9,61"
Band IC 3,Dec > 3m/s²,Syst 352,ATT,MT1,14:56:46,"1,1","18,74","3,94","2,95"
Band IC 3,Dec > 3m/s²,Syst 352,ATT,MT1,14:58:14,"0,9","13,75","3,41","2,1"
Band IC 3,Dec > 4m/s²,Syst 352,ATT,MT1,14:58:25,"3,3","28,37","4,77","18,55"
Band IC 3,Dec > 3m/s²,Syst 352,ATT,MT1,15:01:24,"0,8","16,12","3,2","1,88"
Band IC 3,Dec > 3m/s²,Syst 352,ATT,MT1,15:02:08,"0,7","14,23","3,63","1,16"
Band IC 3,Dec > 3m/s²,Syst 352,ATT,MT1,15:03:48,"1,4","19,9","3,91","3,23"
Band IC 3,Dec > 3m/s²,Syst 352,ATT,MT1,15:06:25,"1,4","19,5","3,9","3,22"
Band IC 3,Acc > 3m/s²,Syst 352,ATT,MT1,15:06:31,"1,9","5,43","3,12","7,95"
Band IC 3,Dec > 4m/s²,Syst 352,ATT,MT1,15:11:35,"2,3","28,14","4,92","8,2"
Band IC 3,Dec > 3m/s²,Syst 352,ATT,MT1,15:13:38,"1,2","14,91","3,28","3,5"
Band IC 3,Dec > 3m/s²,Syst 352,ATT,MT1,15:13:45,1,"17,59","3,58","2,55"
Band IC 3,Dec > 3m/s²,Syst 352,ATT,MT1,15:14:10,"2,4","16,93","3,13","5,74"
Band IC 3,Dec > 4m/s²,Syst 352,ATT,MT1,15:15:08,2,"21,92","5,85","8,75"
Band IC 3,Acc > 3m/s²,Syst 352,ATT,MT1,15:17:07,"2,4","5,8","3,11","11,91"
Band IC 3,Dec > 3m/s²,Syst 352,ATT,MT1,15:18:15,3,"23,6","3,12","13,36"
Band IC 3,Dec > 3m/s²,Syst 352,ATT,MT2,15:34:49,2,"23,8","3,29","7,54"
Band IC 3,Dec > 3m/s²,Syst 352,ATT,MT2,15:37:55,"2,1","21,93","3,6","8,3"
Band IC 3,Dec > 3m/s²,Syst 352,ATT,MT2,15:40:55,"1,8","20,21","3,23","5,87"
Band IC 3,Dec > 3m/s²,Syst 352,ATT,MT2,15:41:53,2,"23,73","3,89","8,7"
Band IC 3,Dec > 3m/s²,Syst 352,ATT,MT2,15:43:01,"1,7","20,61","3,42","6,11"
Band IC 3,Dec > 3m/s²,Syst 352,ATT,MT2,15:47:35,"1,9","23,11","3,26","6,38"
Band IC 3,Dec > 4m/s²,Syst 352,ATT,MT2,15:48:13,"1,3","24,83","4,82","3,68"
Band IC 2,Dec > 3m/s²,Syst 352,MCO,MT2,15:57:47,"3,8","23,7","3,48","15,14"
Band IC 2,Dec > 3m/s²,Syst 352,MCO,MT2,16:00:08,"1,6","24,62","3,91","6,5"
Band IC 2,Dec > 3m/s²,Syst 352,MCO,MT2,16:04:40,"1,6","18,38","3,25","3,43"
Band IC 2,Dec > 3m/s²,Syst 352,MCO,MT2,16:06:39,"3,7","19,88",3,"10,16"
Band IC 2,Dec > 3m/s²,Syst 352,MCO,MT2,16:09:16,"1,3","19,88","3,66","3,18"
Band IC 2,Dec > 3m/s²,Syst 352,MCO,MT2,16:09:19,1,"17,2","3,84","2,21"
Band IC 2,Dec > 3m/s²,Syst 352,MCO,MT2,16:14:03,"1,9","22,49","3,23","6,2"
Band IC 2,Dec > 3m/s²,Syst 352,MCO,MT2,16:14:11,"3,7","19,56","3,2","15,85"
Band IC 2,Dec > 3m/s²,Syst 352,MCO,MT2,16:16:51,"0,9","12,59","3,3","1,59"
Band IC 2,Dec > 3m/s²,Syst 352,MCO,MT2,16:19:39,"2,6","19,64","3,2","9,76"
Band IC 3,Dec > 3m/s²,Syst 352,ATT,MT1,14:33:44,"0,9","15,6","3,48","2,23"
Band IC 3,Dec > 3m/s²,Syst 352,ATT,MT1,14:34:25,1,"15,65","3,26","2,3"
Band IC 3,Dec > 3m/s²,Syst 352,ATT,MT1,14:35:01,"1,4","17,8","3,19","3,4"
Band IC 3,Dec > 3m/s²,Syst 352,ATT,MT1,14:38:23,"1,8","20,65","3,39","4,88"
Band IC 3,Dec > 3m/s²,Syst 352,ATT,MT1,14:39:14,"1,8","17,89","3,19","5,86"
Band IC 3,Acc > 3m/s²,Syst 352,ATT,MT1,14:39:16,2,"5,2","3,81","10,5"
Band IC 3,Dec > 4m/s²,Syst 352,ATT,MT1,14:44:32,1,"18,9","4,41","2,59"
Band IC 3,Dec > 3m/s²,Syst 352,ATT,MT1,14:49:28,"2,8","29,35","3,17","16,28"
Band IC 3,Dec > 3m/s²,Syst 352,ATT,MT1,14:49:34,"1,7","19,5","3,41","5,52"
Band IC 3,Acc > 3m/s²,Syst 352,ATT,MT1,14:50:15,"4,2","5,3","3,17","13,81"
Band IC 3,Dec > 3m/s²,Syst 352,ATT,MT1,14:50:19,"3,1","20,82","3,21","8,18"
Band IC 3,Dec > 3m/s²,Syst 352,ATT,MT1,14:52:08,"1,3","15,3","3,63","2,78"
Band IC 3,Acc > 3m/s²,Syst 352,ATT,MT1,14:53:13,"2,4","5,29","3,5","10,41"
Band IC 3,Dec > 3m/s²,Syst 352,ATT,MT1,14:53:25,"2,3","21,9","3,8","5,96"
Band IC 3,Dec > 4m/s²,Syst 352,ATT,MT1,14:54:26,"0,7","15,62","4,59","0,89"
Band IC 3,Acc > 3m/s²,Syst 352,ATT,MT1,14:58:18,3,"9,83","3,12","19,13"
Band IC 3,Dec > 4m/s²,Syst 352,ATT,MT1,14:58:34,"1,7","24,76","4,18","6,65"
Band IC 3,Acc > 3m/s²,Syst 352,ATT,MT1,14:59:00,"1,4","5,29","3,23","5,4"
Band IC 3,Dec > 3m/s²,Syst 352,ATT,MT1,15:03:47,"2,3","24,25","3,65","9,77"
Band IC 3,Dec > 3m/s²,Syst 352,ATT,MT1,15:08:33,"1,2","14,29","3,13","2,9"
Band IC 3,Dec > 3m/s²,Syst 352,ATT,MT1,15:09:58,"0,8","14,73","3,25","1,64"
Band IC 3,Dec > 3m/s²,Syst 352,ATT,MT1,15:10:04,4,"28,64","3,31","15,37"
Band IC 3,Acc > 3m/s²,Syst 352,ATT,MT1,15:17:07,"2,9","5,81","3,26","16,17"
Band IC 3,Dec > 4m/s²,Syst 352,ATT,MT2,15:34:50,"1,9","24,6","4,2","6,65"
Band IC 3,Acc > 3m/s²,Syst 352,ATT,MT2,15:43:35,"1,8","5,34","3,7","7,95"
Band IC 3,Dec > 3m/s²,Syst 352,ATT,MT2,15:47:11,"0,7","15,87","3,74","1,44"
Band IC 3,Acc > 3m/s²,Syst 352,ATT,MT2,15:49:42,"2,1","7,1","3,56","11,93"
Band IC 3,Dec > 3m/s²,Syst 352,ATT,MT2,15:50:21,"0,7","16,32","3,83","1,47"
Band IC 3,Dec > 3m/s²,Syst 352,ATT,MT2,15:50:54,"2,3","23,48","3,45","6,93"
Band IC 3,Dec > 3m/s²,Syst 352,ATT,MT2,15:55:55,2,"20,9","3,83","6,75"
Band IC 3,Acc > 3m/s²,Syst 352,ATT,MT2,15:56:59,"1,4","6,17","3,38","6,45"
Band IC 3,Dec > 3m/s²,Syst 352,ATT,MT2,15:57:01,"1,8","17,28","3,28","5,49"
Band IC 3,Dec > 3m/s²,Syst 352,ATT,MT2,15:58:04,"2,2","25,47","3,93","8,74"
Band IC 3,Acc > 3m/s²,Syst 352,ATT,MT2,15:58:06,"1,9","7,4","3,18","9,21"
Band IC 3,Dec > 4m/s²,Syst 352,ATT,MT2,15:58:08,"1,4","20,68","5,7","3,95"
Band IC 3,Dec > 3m/s²,Syst 352,ATT,MT2,15:59:35,"3,3","19,72","3,11","12,86"
Band IC 3,Acc > 3m/s²,Syst 352,ATT,MT2,15:59:39,"1,2","7,5","3,4","5,37"
Band IC 3,Dec > 3m/s²,Syst 352,ATT,MT2,15:59:40,"1,1","15,63","3,49","2,5"
Band IC 3,Dec > 3m/s²,Syst 352,ATT,MT2,16:06:25,"3,5","21,73","3,96","16,13"
Band IC 3,Dec > 4m/s²,Syst 352,ATT,MT2,16:08:50,"1,8","25,17","4,75","6,8"
Band IC 3,Dec > 3m/s²,Syst 352,ATT,MT2,16:18:49,"0,7","13,56","3,11","1,29"
Band IC 4,Dec > 3m/s²,Syst 352,ATT,MT2,15:57:56,"1,4","17,75","3,8","3,97"
Band IC 4,Dec > 3m/s²,Syst 352,ATT,MT2,15:58:06,"3,6","28,45","3,85","12,67"
Band IC 4,Dec > 4m/s²,Syst 352,ATT,MT2,16:00:37,"2,1","27,22","4,98","9,78"
Band IC 4,Dec > 3m/s²,Syst 352,ATT,MT2,16:01:00,"1,1","16,98","3,46","2,75"
Band IC 4,Acc > 3m/s²,Syst 352,ATT,MT2,16:02:37,"1,3","5,84","3,14","5,33"
Band IC 4,Dec > 4m/s²,Syst 352,ATT,MT2,16:02:38,1,"15,66","4,1","1,67"
Band IC 4,Dec > 3m/s²,Syst 352,ATT,MT2,16:02:41,"2,3","18,2","3,56","5,43"
Band IC 4,Dec > 4m/s²,Syst 352,ATT,MT2,16:14:22,"1,9","25,97","4,85","8,16"
Band IC 4,Dec > 3m/s²,Syst 352,ATT,MT2,16:17:29,"1,3","15,95","3,9","3,26"
Band IC 4,Dec > 3m/s²,Syst 352,ATT,MT2,16:18:07,"0,9","15,76","3,24","2,23"
Band IC 4,Dec > 4m/s²,Syst 352,ATT,MT2,16:19:29,"1,2","19,66","4,84","2,46"
Band IC 4,Dec > 3m/s²,Syst 352,ATT,MT2,16:19:40,"1,4","20,16","3,58","3,74"
Band IC 3,Dec > 3m/s²,Syst 352,DC,MT1,14:31:59,"1,1","15,15","3,15","1,9"
Band IC 3,Acc > 3m/s²,Syst 352,DC,MT1,14:33:29,"4,4","5,5","3,7","25,66"
Band IC 3,Dec > 3m/s²,Syst 352,DC,MT1,14:33:34,"2,2","26,64","3,99","9,29"
Band IC 3,Acc > 3m/s²,Syst 352,DC,MT1,14:35:05,"2,8","5,9","3,9","13,69"
Band IC 3,Dec > 3m/s²,Syst 352,DC,MT1,14:35:07,"1,9","20,5","3,8","7,5"
Band IC 3,Dec > 3m/s²,Syst 352,DC,MT1,14:36:28,"2,2","20,24","3,6","6,1"
Band IC 3,Acc > 3m/s²,Syst 352,DC,MT1,14:37:19,"1,5","5,3","3,76","7,2"
Band IC 3,Acc > 3m/s²,Syst 352,DC,MT1,14:49:02,4,"6,69","3,71","27,72"
Band IC 3,Dec > 3m/s²,Syst 352,DC,MT1,14:51:39,"1,3","16,12","3,12","3,7"
Band IC 3,Acc > 3m/s²,Syst 352,DC,MT1,14:51:54,"3,5","5,3","3,21","18,32"
Band IC 3,Dec > 3m/s²,Syst 352,DC,MT1,14:51:57,"3,4","25,57","3,66","11,67"
Band IC 3,Acc > 3m/s²,Syst 352,DC,MT1,14:54:18,"1,9","5,36","3,8","8,85"
Band IC 3,Dec > 3m/s²,Syst 352,DC,MT1,14:55:09,"1,7","17,8",3,"4,48"
Band IC 3,Dec > 3m/s²,Syst 352,DC,MT1,15:11:06,"3,1","27,88","3,79","12,1"
Band IC 3,Dec > 3m/s²,Syst 352,DC,MT1,15:11:22,"2,4","18,96","3,53","7,91"
Band IC 3,Acc > 3m/s²,Syst 352,DC,MT1,15:14:57,"1,7","5,9","3,52","8,13"
Band IC 3,Acc > 3m/s²,Syst 352,DC,MT2,15:37:34,"1,5","5,46","3,28","6,37"
Band IC 3,Dec > 3m/s²,Syst 352,DC,MT2,15:37:36,1,"15,42","3,93","1,66"
Band IC 3,Dec > 3m/s²,Syst 352,DC,MT2,15:41:31,"0,9","15,3","3,46","1,95"
Band IC 3,Acc > 3m/s²,Syst 352,DC,MT2,15:51:25,"1,9","5,54","3,26","8,84"
Band IC 3,Dec > 3m/s²,Syst 352,DC,MT2,15:54:14,"2,1","21,29","3,75","7,42"
Band IC 3,Dec > 3m/s²,Syst 352,DC,MT2,15:54:17,"1,8","18,3","3,56","3,96"
Band IC 3,Dec > 3m/s²,Syst 352,DC,MT2,15:54:29,"1,4","18,41","3,67","3,18"
Band IC 3,Acc > 3m/s²,Syst 352,DC,MT2,16:06:30,"3,5","6,86","3,24","19,46"
Band IC 3,Acc > 3m/s²,Syst 352,DC,MT2,16:09:58,"1,5","5,65","3,5","6,97"
Band IC 3,Dec > 3m/s²,Syst 352,DC,MT2,16:10:00,"1,4","18,42","3,62","4,5"
Band IC 3,Acc > 3m/s²,Syst 352,DC,MT2,16:17:48,"1,9","6,33","3,3","8,65"
Band IC 3,Dec > 3m/s²,Syst 352,DC,MT1,15:12:23,"1,5","19,6","3,3","4,4"
Band IC 3,Dec > 3m/s²,Syst 352,DC,MT2,15:42:37,"1,2","15,81","3,31","3,48"
Band IC 3,Dec > 4m/s²,Syst 352,DC,MT2,16:05:42,"3,2","26,18","4,2","16,43"
Band IC 3,Acc > 3m/s²,Syst 352,DC,MT2,16:16:30,"2,2","6,27","3,25","10,35"
Band IC 2,Dec > 3m/s²,Syst 352,MCO,MT1,14:32:27,"1,2","15,68","3,16","2,57"
Band IC 2,Dec > 3m/s²,Syst 352,MCO,MT1,14:38:33,"1,4","16,55","3,43","4,22"
Band IC 2,Dec > 3m/s²,Syst 352,MCO,MT1,14:40:35,"0,9","14,68","3,54","1,55"
Band IC 2,Dec > 4m/s²,Syst 352,MCO,MT1,14:41:30,"1,2","24,58","5,87","3,79"
Band IC 2,Dec > 3m/s²,Syst 352,MCO,MT1,14:47:15,1,"16,78","3,5","2,53"
Band IC 2,Dec > 3m/s²,Syst 352,MCO,MT1,14:59:17,"1,1","16,82","3,9","2,8"
Band IC 2,Dec > 3m/s²,Syst 352,MCO,MT1,14:59:25,"0,5","11,71","3,2","0,65"
Band IC 2,Dec > 3m/s²,Syst 352,MCO,MT1,15:02:55,"1,4","15,33","3,69","3,26"
Band IC 2,Dec > 3m/s²,Syst 352,MCO,MT1,15:05:57,"1,7","22,1","3,23","5,95"
Band IC 2,Acc > 3m/s²,Syst 352,MCO,MT1,15:09:16,"1,7","5,9","3,32","7,22"
Band IC 2,Dec > 3m/s²,Syst 352,MCO,MT1,15:11:07,"2,3","17,13","3,13","8,26"
Band IC 2,Dec > 3m/s²,Syst 352,MCO,MT2,15:36:38,"1,5","18,3","3,56","4,4"
Band IC 2,Dec > 3m/s²,Syst 352,MCO,MT2,15:42:56,"2,7","20,98","3,67","10,6"
Band IC 2,Dec > 3m/s²,Syst 352,MCO,MT2,15:49:46,"1,1","17,96","3,92","2,44"
Band IC 2,Dec > 3m/s²,Syst 352,MCO,MT2,15:53:20,"1,3","15,27","3,11","3,75"
Band IC 2,Dec > 3m/s²,Syst 352,MCO,MT2,15:54:17,"2,2","22,55","3,89","6,93"
Band IC 2,Dec > 4m/s²,Syst 352,MCO,MT2,16:00:42,"1,9","25,59","4,42","7,82"
Band IC 2,Acc > 3m/s²,Syst 352,MCO,MT2,16:05:13,"1,8","7,79","3,6","7,9"
Band IC 2,Dec > 4m/s²,Syst 352,MCO,MT2,16:05:15,"1,3","18,97","4,8","3,48"
Band IC 3,Dec > 3m/s²,Syst 352,DC,MT1,14:33:34,"2,9","24,4","3,29","8,31"
Band IC 3,Dec > 3m/s²,Syst 352,DC,MT1,14:42:18,"2,6","21,62","3,61","11,3"
Band IC 3,Dec > 3m/s²,Syst 352,DC,MT1,14:43:51,1,"14,91","3,43","1,79"
Band IC 3,Acc > 3m/s²,Syst 352,DC,MT1,14:50:59,"1,5","6,23","3,2","6,87"
Band IC 3,Dec > 3m/s²,Syst 352,DC,MT1,15:05:12,"2,9","24,8","3,14","10,77"
Band IC 3,Dec > 4m/s²,Syst 352,DC,MT2,15:33:13,"2,5","29,57","5,8","10,36"
Band IC 3,Dec > 3m/s²,Syst 352,DC,MT2,15:48:21,"2,2","24,78","3,17","8,24"
Band IC 3,Dec > 4m/s²,Syst 352,DC,MT2,15:48:30,"1,7","25,28","4,81","6,72"
Band IC 3,Dec > 4m/s²,Syst 352,DC,MT2,15:54:13,"1,9","27,16","4,15","7,15"
Band IC 3,Acc > 3m/s²,Syst 352,DC,MT2,15:55:10,"3,1","5,26","3,31","17,11"
Band IC 3,Dec > 4m/s²,Syst 352,DC,MT2,15:55:15,"2,4","25,21","5,16","10,1"
Band IC 3,Acc > 3m/s²,Syst 352,DC,MT2,16:05:06,"1,7","5,32","3,3","7,57"
Band IC 3,Dec > 3m/s²,Syst 352,DC,MT2,16:07:13,"2,1","22,29","3,33","6,8"
Band IC 3,Acc > 3m/s²,Syst 352,DC,MT2,16:10:04,"1,9","5,34","3,72","9,93"
Band IC 3,Acc > 3m/s²,Syst 352,DC,MT2,16:14:38,"1,7","5,1","3,2","6,92"
Band IC 3,Dec > 3m/s²,Syst 352,DC,MT2,16:14:40,"1,2","16,46","3,4","2,82"
Band IC 3,Acc > 3m/s²,Syst 352,ATT,MT1,14:33:11,"2,5","5,95","3,49","13,58"
Band IC 3,Dec > 3m/s²,Syst 352,ATT,MT1,14:33:13,"2,4","23,56","3,61","9,85"
Band IC 3,Acc > 3m/s²,Syst 352,ATT,MT1,14:34:03,"2,1","5,67","3,48","10,92"
Band IC 3,Acc > 3m/s²,Syst 352,ATT,MT1,14:34:30,"2,1","5,9","3,24","10,24"
Band IC 3,Dec > 3m/s²,Syst 352,ATT,MT1,14:37:18,"0,9","14,29","3,1","1,97"
Band IC 3,Acc > 3m/s²,Syst 352,ATT,MT1,14:43:18,"2,3","5,53","3,2","11,52"
Band IC 3,Acc > 3m/s²,Syst 352,ATT,MT1,14:43:57,"1,3","5,84","3,53","5,73"
Band IC 3,Acc > 3m/s²,Syst 352,ATT,MT1,14:45:12,"1,9","5,41","3,38","9,44"
Band IC 3,Dec > 4m/s²,Syst 352,ATT,MT1,14:45:17,"1,3","19,64","4,7","3,73"
Band IC 3,Acc > 3m/s²,Syst 352,ATT,MT1,14:49:29,"2,2","7,6","3,58","13,15"
Band IC 3,Acc > 3m/s²,Syst 352,ATT,MT1,14:52:04,"1,7","5,32","3,87","7,77"
Band IC 3,Acc > 3m/s²,Syst 352,ATT,MT1,14:59:17,2,"5,9","3,29","9,27"
Band IC 3,Acc > 3m/s²,Syst 352,ATT,MT1,15:02:42,"3,3","5,18","3,2","16,22"
Band IC 3,Dec > 4m/s²,Syst 352,ATT,MT1,15:02:46,2,"23,92","4,74","7,42"
Band IC 3,Acc > 3m/s²,Syst 352,ATT,MT1,15:03:20,"2,9","5,25","3,23","16,35"
Band IC 3,Dec > 3m/s²,Syst 352,ATT,MT1,15:03:23,"4,4","26,56","3,2","15,33"
Band IC 3,Acc > 3m/s²,Syst 352,ATT,MT1,15:08:25,"1,7","5,85","3,5","7,63"
Band IC 3,Dec > 3m/s²,Syst 352,ATT,MT1,15:10:32,"2,2","21,32","3,49","8,16"
Band IC 3,Acc > 3m/s²,Syst 352,ATT,MT2,15:35:04,"3,8","5,18","3,4","21,6"
Band IC 3,Dec > 3m/s²,Syst 352,ATT,MT2,15:37:30,"1,6","22,15","3,58","4,9"
Band IC 3,Dec > 3m/s²,Syst 352,ATT,MT2,15:38:02,"1,4","17,65","3,17","3,59"
Band IC 3,Dec > 3m/s²,Syst 352,ATT,MT2,16:00:19,"4,7","31,23","3,16","28,46"
Band IC 3,Dec > 3m/s²,Syst 352,ATT,MT2,16:04:16,1,"17,61","3,9","2,99"
Band IC 3,Dec > 3m/s²,Syst 352,ATT,MT2,16:05:33,"0,7","13,57","3,25","1,16"
Band IC 3,Dec > 3m/s²,Syst 352,ATT,MT2,16:08:28,"2,9","30,35","3,95","15,82"
Band IC 3,Dec > 4m/s²,Syst 352,ATT,MT2,16:10:16,"1,9","23,12","4,91","6,93"
Band IC 3,Acc > 3m/s²,Syst 352,ATT,MT2,16:16:30,4,"5,27","3,9","23,4"
Band IC 3,Acc > 3m/s²,Syst 352,ATT,MT2,16:17:09,"1,4","6,41","3,22","6,4"
Band IC 4,Acc > 3m/s²,Syst 352,AIL,MT1,14:33:10,"2,4","5,12","3,31","12,75"
Band IC 4,Dec > 3m/s²,Syst 352,AIL,MT1,14:33:33,"2,5","24,85","3,96","11,56"
Band IC 4,Dec > 4m/s²,Syst 352,AIL,MT1,14:35:22,"2,2","19,76","4,59","8,31"
Band IC 4,Dec > 3m/s²,Syst 352,AIL,MT1,14:37:38,"3,5","27,55","3,58","18,14"
Band IC 4,Dec > 3m/s²,Syst 352,AIL,MT1,14:38:18,"1,8","17,76","3,5","3,6"
Band IC 4,Dec > 3m/s²,Syst 352,AIL,MT1,14:38:23,"2,6","20,1","3,46","7,69"
Band IC 4,Dec > 4m/s²,Syst 352,AIL,MT1,14:40:19,"0,9","17,33","4,4","1,75"
Band IC 4,Dec > 3m/s²,Syst 352,AIL,MT1,14:40:32,"0,9","14,57","3,11","1,85"
Band IC 4,Dec > 3m/s²,Syst 352,AIL,MT1,14:42:51,"1,6","17,4","3,44","4,5"
Band IC 4,Dec > 3m/s²,Syst 352,AIL,MT1,14:45:44,"1,1","16,25","3,54","2,13"
Band IC 4,Acc > 3m/s²,Syst 352,AIL,MT1,14:45:46,"0,9","7,26","3,7","3,67"
Band IC 4,Dec > 3m/s²,Syst 352,AIL,MT1,14:48:38,"1,2","17,53","3,23","3,11"
Band IC 4,Acc > 3m/s²,Syst 352,AIL,MT1,14:49:22,"1,8","5,65","3,22","7,95"
Band IC 4,Dec > 3m/s²,Syst 352,AIL,MT1,14:52:40,"1,3","16,62","3,56","3,56"
Band IC 4,Dec > 4m/s²,Syst 352,AIL,MT1,14:55:36,"1,3","21,13","4,96","3,1"
Band IC 4,Dec > 3m/s²,Syst 352,AIL,MT1,14:57:28,1,"15,11","3,2","2,25"
Band IC 4,Dec > 3m/s²,Syst 352,AIL,MT1,15:01:31,"1,6","16,49","3,1","3,79"
Band IC 4,Dec > 3m/s²,Syst 352,AIL,MT1,15:02:05,"1,2",15,"3,1","3,6"
Band IC 4,Acc > 3m/s²,Syst 352,AIL,MT1,15:03:19,"3,7","8,33","3,4","24,42"
Band IC 4,Dec > 4m/s²,Syst 352,AIL,MT1,15:03:23,"2,7","28,97","4,4","12,56"
Band IC 4,Dec > 3m/s²,Syst 352,AIL,MT1,15:03:44,"1,8","18,7","3,47","5,19"
Band IC 4,Dec > 4m/s²,Syst 352,AIL,MT1,15:13:41,"1,4","21,21","4,95","4,96"
Band IC 4,Dec > 3m/s²,Syst 352,AIL,MT2,15:36:25,"1,4","17,96","3,1","3,21"
Band IC 4,Dec > 4m/s²,Syst 352,AIL,MT2,15:37:22,"0,6","19,11","5,64","0,98"
Band IC 4,Dec > 3m/s²,Syst 352,AIL,MT2,15:43:14,"2,6","25,13","3,43","9,99"
Band IC 4,Dec > 4m/s²,Syst 352,AIL,MT2,15:44:28,3,"27,83","4,2","15,48"
Band IC 4,Acc > 3m/s²,Syst 352,AIL,MT2,15:48:17,"3,4","5,77","3,12","17,2"
Band IC 4,Dec > 3m/s²,Syst 352,AIL,MT2,15:48:24,1,"14,36","3,8","2,42"
Band IC 4,Dec > 3m/s²,Syst 352,AIL,MT2,15:50:17,"1,5","28,51","3,25","7,83"
Band IC 4,Dec > 3m/s²,Syst 352,AIL,MT2,15:50:23,"2,9","25,17","3,55","14,38"
Band IC 4,Dec > 3m/s²,Syst 352,AIL,MT2,15:54:39,"1,2","15,73","3,65","3,34"
Band IC 4,Acc > 4m/s²,Syst 352,AIL,MT2,15:55:25,"2,5","5,8","4,14","15,56"
Band IC 4,Acc > 3m/s²,Syst 352,AIL,MT2,15:56:23,"1,7","5,68","3,24","7,78"
Band IC 4,Dec > 4m/s²,Syst 352,AIL,MT2,16:00:00,"2,9","25,89","4,31",14
Band IC 4,Dec > 3m/s²,Syst 352,AIL,MT2,16:01:22,"1,7","22,43","3,69","5,67"
Band IC 4,Dec > 3m/s²,Syst 352,AIL,MT2,16:05:08,"1,9","21,81","3,56","6,8"
Band IC 4,Dec > 3m/s²,Syst 352,AIL,MT2,16:05:24,"0,8","14,93","3,49","1,3"
Band IC 4,Dec > 3m/s²,Syst 352,AIL,MT2,16:06:24,"2,4","17,58","3,14","5,38"
Band IC 4,Acc > 3m/s²,Syst 352,AIL,MT2,16:09:58,"1,8","5,27","3,6","8,27"
Band IC 4,Dec > 4m/s²,Syst 352,AIL,MT2,16:10:00,"1,1","18,61","4,14","3,9"
Band IC 4,Dec > 3m/s²,Syst 352,AIL,MT2,16:10:21,"1,8","18,4","3,21","3,87"
Band IC 4,Acc > 3m/s²,Syst 352,AIL,MT2,16:10:59,"1,9","5,91","3,53","9,6"
Band IC 4,Dec > 4m/s²,Syst 352,AIL,MT2,16:11:02,"1,9","20,76","4,34","5,57"
Band IC 4,Dec > 3m/s²,Syst 352,AIL,MT2,16:15:48,"1,3","15,31","3,28","3,31"
Band IC 4,Dec > 3m/s²,Syst 352,AIL,MT2,16:17:29,"2,9","27,88","3,63","13,47"
Band IC 4,Dec > 3m/s²,Syst 352,AIL,MT2,16:18:13,"2,1","21,97","3,45","8,11"
Band IC 3,Acc > 3m/s²,Syst 352,AIL,MT2,15:43:31,"1,7","5,84","3,5","7,43"
Band IC 3,Dec > 3m/s²,Syst 352,AIL,MT2,15:43:33,2,"17,39","3,48","5,69"
Band IC 3,Dec > 3m/s²,Syst 352,AIL,MT2,15:43:42,"1,6","17,21","3,53","4,35"
Band IC 3,Dec > 3m/s²,Syst 352,AIL,MT2,15:44:18,1,"14,97","3,41","2,17"
Band IC 3,Acc > 3m/s²,Syst 352,AIL,MT2,15:48:33,"2,1","5,87","3,42","11,2"
Band IC 3,Dec > 4m/s²,Syst 352,AIL,MT2,15:48:35,"1,4","21,58","4,61","4,55"
Band IC 3,Acc > 3m/s²,Syst 352,AIL,MT2,15:48:37,"2,7","5,9","3,31","14,79"
Band IC 3,Dec > 3m/s²,Syst 352,AIL,MT2,15:48:39,2,"24,31","3,55","6,66"
Band IC 3,Acc > 3m/s²,Syst 352,AIL,MT2,15:52:49,"2,3","5,5","3,14","10,48"
Band IC 3,Dec > 4m/s²,Syst 352,AIL,MT2,15:52:52,"1,1","19,64","4,13","2,93"
Band IC 3,Dec > 3m/s²,Syst 352,AIL,MT2,15:53:21,"2,1","21,56","3,34","7,65"
Band IC 3,Dec > 3m/s²,Syst 352,AIL,MT2,15:54:17,"1,8","18,29","3,12","6,1"
Band IC 3,Acc > 3m/s²,Syst 352,AIL,MT2,15:54:29,"2,4","5,7","3,6","12,14"
Band IC 3,Dec > 3m/s²,Syst 352,AIL,MT2,15:57:04,"2,4","19,92","3,21","8,7"
Band IC 3,Dec > 3m/s²,Syst 352,AIL,MT2,15:57:20,"3,4","22,6","3,3","13,69"
Band IC 3,Dec > 3m/s²,Syst 352,AIL,MT2,15:58:22,"2,1","16,16","3,27","6,95"
Band IC 3,Acc > 3m/s²,Syst 352,AIL,MT2,15:59:38,"2,7","5,1","3,59","12,79"
Band IC 3,Dec > 3m/s²,Syst 352,AIL,MT2,15:59:41,"1,7","23,33","3,24","5,78"
Band IC 3,Dec > 3m/s²,Syst 352,AIL,MT2,16:00:01,"2,1","16,66","3,53","7,17"
Band IC 3,Dec > 4m/s²,Syst 352,AIL,MT2,16:05:08,"1,5","23,79","4,31","5,65"
Band IC 3,Dec > 3m/s²,Syst 352,AIL,MT2,16:05:38,"3,2","23,74","3,3","10,35"
Band IC 3,Dec > 3m/s²,Syst 352,AIL,MT2,16:06:41,"1,2","17,69","3,28","2,97"
Band IC 3,Acc > 3m/s²,Syst 352,AIL,MT2,16:07:49,"1,8","5,4","3,2","7,88"
Band IC 3,Dec > 3m/s²,Syst 352,AIL,MT2,16:17:52,"3,7","17,88","3,23","14,25"
Band IC 4,Dec > 4m/s²,Syst 352,MCO,MT1,14:31:03,2,"23,9","4,33","8,22"
Band IC 4,Acc > 3m/s²,Syst 352,MCO,MT1,14:34:13,3,"5,32","3,7","16,92"
Band IC 4,Dec > 4m/s²,Syst 352,MCO,MT1,14:39:09,"2,7","25,51","4,35","12,53"
Band IC 4,Dec > 3m/s²,Syst 352,MCO,MT1,14:41:00,"1,4","17,8","3,55","3,76"
Band IC 4,Acc > 3m/s²,Syst 352,MCO,MT1,14:49:02,"4,3","5,2","3,11","23,95"
Band IC 4,Dec > 3m/s²,Syst 352,MCO,MT1,14:58:14,"1,9","22,51","3,8","5,96"
Band IC 4,Dec > 3m/s²,Syst 352,MCO,MT1,15:05:06,"1,1","20,21","3,91","3,16"
Band IC 4,Dec > 3m/s²,Syst 352,MCO,MT1,15:13:57,"1,5","18,33","3,7","4,61"
Band IC 4,Dec > 3m/s²,Syst 352,MCO,MT2,15:35:45,"2,9","21,22","3,1","7,18"
Band IC 4,Acc > 3m/s²,Syst 352,MCO,MT2,15:41:25,"2,5","5,27","3,23","13,57"
Band IC 4,Acc > 3m/s²,Syst 352,MCO,MT2,15:52:49,"1,7","5,53","3,26","7,59"
Band IC 4,Dec > 3m/s²,Syst 352,MCO,MT2,15:53:21,"1,5","18,91","3,48","5,12"
Band IC 4,Acc > 3m/s²,Syst 352,MCO,MT2,15:57:14,"2,4","5,88",3,"11,87"
Band IC 4,Dec > 3m/s²,Syst 352,MCO,MT2,16:00:06,"0,9","12,31","3,23","1,24"
Band IC 4,Dec > 3m/s²,Syst 352,MCO,MT2,16:00:30,"0,7","13,47","3,8","1,21"
Band IC 4,Dec > 3m/s²,Syst 352,AIL,MT1,14:31:52,"2,9","28,42","3,44","13,65"
Band IC 4,Dec > 3m/s²,Syst 352,AIL,MT1,14:32:09,"2,8","21,38","3,11","11,57"
Band IC 4,Dec > 4m/s²,Syst 352,AIL,MT1,14:33:13,"1,6","24,33","5,63","6,98"
Band IC 4,Dec > 3m/s²,Syst 352,AIL,MT1,14:34:11,"1,1","18,7","3,68","2,57"
Band IC 4,Acc > 3m/s²,Syst 352,AIL,MT1,14:35:57,"2,7","5,2","3,56","14,36"
Band IC 4,Dec > 4m/s²,Syst 352,AIL,MT1,14:36:00,2,"24,67","5,82","5,62"
Band IC 4,Dec > 4m/s²,Syst 352,AIL,MT1,14:39:09,"3,7","26,9","4,22","16,1"
Band IC 4,Dec > 3m/s²,Syst 352,AIL,MT1,14:47:52,"1,9","25,57","3,11","7,75"
Band IC 4,Dec > 3m/s²,Syst 352,AIL,MT1,14:51:14,"2,1","20,58","3,14","5,75"
Band IC 4,Dec > 3m/s²,Syst 352,AIL,MT1,14:51:38,"1,9","17,7","3,28","4,27"
Band IC 4,Dec > 3m/s²,Syst 352,AIL,MT1,14:52:20,"2,3","20,77","3,89","9,54"
Band IC 4,Acc > 3m/s²,Syst 352,AIL,MT1,14:53:51,"1,2","5,19","3,42","5,2"
Band IC 4,Dec > 3m/s²,Syst 352,AIL,MT1,14:57:51,"2,7","27,1","3,1","11,1"
Band IC 4,Dec > 3m/s²,Syst 352,AIL,MT1,15:01:48,"0,8","13,21","3,42","1,26"
Band IC 4,Acc > 3m/s²,Syst 352,AIL,MT1,15:01:53,"1,4","5,18","3,86","6,66"
Band IC 4,Dec > 3m/s²,Syst 352,AIL,MT1,15:01:54,1,"17,61","3,82","2,49"
Band IC 4,Dec > 3m/s²,Syst 352,AIL,MT2,15:33:33,"1,9","21,22","3,35","5,12"
Band IC 4,Dec > 3m/s²,Syst 352,AIL,MT2,15:36:54,"3,9","25,36","3,15","16,3"
Band IC 4,Dec > 3m/s²,Syst 352,AIL,MT2,15:38:52,"0,5","12,74","3,3","0,66"
Band IC 4,Dec > 3m/s²,Syst 352,AIL,MT2,15:40:56,"2,7","28,22","3,84","12,2"
Band IC 4,Dec > 3m/s²,Syst 352,AIL,MT2,15:42:37,"2,4","22,56","3,91","7,57"
Band IC 4,Dec > 3m/s²,Syst 352,AIL,MT2,15:45:41,"0,6","12,4","3,17","0,71"
Band IC 4,Dec > 3m/s²,Syst 352,AIL,MT2,15:47:50,1,"16,4","3,16","2,5"
Band IC 4,Dec > 4m/s²,Syst 352,AIL,MT2,15:48:09,"1,8","23,41","4,1","6,89"
Band IC 4,Dec > 4m/s²,Syst 352,AIL,MT2,15:57:54,"1,6","24,67","4,19","5,85"
Band IC 4,Dec > 3m/s²,Syst 352,AIL,MT2,15:59:42,"2,3","20,62","3,14","6,48"
Band IC 3,Dec > 3m/s²,Syst 352,ATT,MT2,15:43:42,"1,2","16,82","3,51","3,32"
Band IC 3,Dec > 3m/s²,Syst 352,ATT,MT2,15:43:50,"1,4","15,39","3,35","4,36"
Band IC 3,Dec > 4m/s²,Syst 352,ATT,MT2,15:44:18,"1,1","16,77","4,21","2,19"
Band IC 3,Dec > 3m/s²,Syst 352,ATT,MT2,15:47:59,"1,5","18,3","3,3","4,74"
Band IC 3,Dec > 3m/s²,Syst 352,ATT,MT2,15:52:44,"1,5","18,97","3,58","4,63"
Band IC 3,Acc > 3m/s²,Syst 352,ATT,MT2,15:52:46,2,"5,21","3,33","9,2"
Band IC 3,Dec > 3m/s²,Syst 352,ATT,MT2,15:52:54,"1,4","19,29","3,55","4,17"
Band IC 3,Dec > 3m/s²,Syst 352,ATT,MT2,15:53:06,"1,7","20,51","3,46","4,72"
Band IC 3,Dec > 3m/s²,Syst 352,ATT,MT2,15:54:56,"1,8","21,12","3,89","5,96"
Band IC 3,Acc > 3m/s²,Syst 352,ATT,MT2,15:55:02,"2,1","5,4","3,12","10,2"
Band IC 3,Dec > 3m/s²,Syst 352,ATT,MT2,15:55:05,"1,7","19,56","3,96","5,33"
Band IC 3,Acc > 3m/s²,Syst 352,ATT,MT2,15:58:53,2,"5,97","3,1","9,79"
Band IC 3,Dec > 4m/s²,Syst 352,ATT,MT2,15:58:56,"1,5","20,19","4,2","4,47"
Band IC 3,Dec > 3m/s²,Syst 352,ATT,MT2,15:58:59,"1,8","17,76","3,16","5,3"
Band IC 3,Dec > 3m/s²,Syst 352,ATT,MT2,15:59:03,"1,7","17,63","3,21","4,27"
Band IC 3,Dec > 3m/s²,Syst 352,ATT,MT2,16:03:24,"3,4","31,19","3,16","19,36"
Band IC 3,Acc > 3m/s²,Syst 352,ATT,MT2,16:05:07,2,"5,19","3,1","7,58"
Band IC 3,Acc > 3m/s²,Syst 352,ATT,MT2,16:08:24,"2,4","7,6","3,22","11,9"
Band IC 3,Dec > 3m/s²,Syst 352,ATT,MT2,16:14:58,"1,5","17,96","3,35","4,65"
Band IC 3,Acc > 3m/s²,Syst 352,ATT,MT2,16:16:24,"1,2","6,79","3,41","5,56"
Band IC 3,Dec > 4m/s²,Syst 352,ATT,MT2,16:18:14,"1,5","21,93","4,91","4,84"
Band IC 2,Dec > 3m/s²,Syst 352,MCO,MT2,15:43:33,"1,5","16,8","3,48","4,8"
Band IC 2,Dec > 3m/s²,Syst 352,MCO,MT2,15:43:42,"1,1","16,1","3,64","2,73"
Band IC 2,Dec > 3m/s²,Syst 352,MCO,MT2,15:43:50,"1,3","16,1","3,23","3,77"
Band IC 2,Dec > 3m/s²,Syst 352,MCO,MT2,15:44:18,1,"16,2","3,83","2,3"
Band IC 2,Dec > 3m/s²,Syst 352,MCO,MT2,15:47:58,"1,7","18,32","3,37","5,55"
Band IC 2,Dec > 3m/s²,Syst 352,MCO,MT2,15:48:08,"1,4","17,63","3,47","4,52"
Band IC 2,Dec > 3m/s²,Syst 352,MCO,MT2,15:52:44,"1,3","17,99","3,81","4,3"
Band IC 2,Dec > 3m/s²,Syst 352,MCO,MT2,15:52:53,"1,9","16,68","3,24","6,45"
Band IC 2,Dec > 3m/s²,Syst 352,MCO,MT2,15:53:05,"1,7","19,35","3,89","5,53"
Band IC 2,Acc > 3m/s²,Syst 352,MCO,MT2,15:54:54,"2,1","5,8","3,27","10,43"
Band IC 2,Dec > 3m/s²,Syst 352,MCO,MT2,15:54:56,"1,6","20,42","3,9","5,3"
Band IC 2,Dec > 3m/s²,Syst 352,MCO,MT2,15:55:05,"1,5","18,1","3,57","4,29"
Band IC 2,Dec > 3m/s²,Syst 352,MCO,MT2,15:58:55,"1,6","18,44","3,45","4,37"
Band IC 2,Dec > 3m/s²,Syst 352,MCO,MT2,15:59:03,"1,7","16,16","3,16","4,56"
Band IC 2,Dec > 3m/s²,Syst 352,MCO,MT2,16:05:56,"1,2","18,43","3,88","2,83"
Band IC 2,Acc > 3m/s²,Syst 352,MCO,MT2,16:09:57,"1,9","6,13","3,41","9,19"
Band IC 2,Acc > 3m/s²,Syst 352,MCO,MT2,16:15:01,"1,9","5,53","3,11","8,86"
Band IC 2,Dec > 3m/s²,Syst 352,MCO,MT2,16:17:47,"0,7","14,68","3,62","1,2"
Band IC 2,Acc > 3m/s²,Syst 352,MCO,MT2,16:18:01,"1,8","5,47","3,15","8,14"
Band IC 2,Dec > 3m/s²,Syst 352,MCO,MT2,16:18:03,"1,3","17,7","3,7","3,57"
Band IC 3,Dec > 3m/s²,Syst 352,ATT,MT1,14:31:04,"2,6","25,62","3,8","10,81"
Band IC 3,Dec > 3m/s²,Syst 352,ATT,MT1,14:32:11,2,"17,8","3,43","7,1"
Band IC 3,Dec > 3m/s²,Syst 352,ATT,MT1,14:32:16,"0,8","14,55","3,36","1,88"
Band IC 3,Dec > 3m/s²,Syst 352,ATT,MT1,14:34:10,"1,5","20,34","3,47","4,12"
Band IC 3,Dec > 3m/s²,Syst 352,ATT,MT1,14:34:51,"1,8","22,8","3,13",7
Band IC 3,Acc > 3m/s²,Syst 352,ATT,MT1,14:35:19,"1,4","5,45","3,28","5,93"
Band IC 3,Dec > 3m/s²,Syst 352,ATT,MT1,14:37:39,3,"23,41","3,4","12,18"
Band IC 3,Dec > 3m/s²,Syst 352,ATT,MT1,14:39:10,"2,4","22,73","3,24","8,38"
Band IC 3,Dec > 4m/s²,Syst 352,ATT,MT1,14:41:01,2,"23,68","4,33","8,22"
Band IC 3,Acc > 3m/s²,Syst 352,ATT,MT1,14:42:26,"3,4","5,32","3,12","15,54"
Band IC 3,Dec > 3m/s²,Syst 352,ATT,MT1,14:43:55,"1,5","18,55","3,17","5,23"
Band IC 3,Dec > 3m/s²,Syst 352,ATT,MT1,14:45:53,"1,7","15,27","3,11","4,94"
Band IC 3,Acc > 3m/s²,Syst 352,ATT,MT1,14:45:56,"2,4","5,66","3,34","12,83"
Band IC 3,Dec > 3m/s²,Syst 352,ATT,MT1,14:46:58,"1,1","17,58","3,55","2,86"
Band IC 3,Dec > 3m/s²,Syst 352,ATT,MT1,14:49:36,"2,4","20,3","3,8","7,11"
Band IC 3,Dec > 4m/s²,Syst 352,ATT,MT1,14:50:52,"1,9","25,23","4,6","6,46"
Band IC 3,Acc > 3m/s²,Syst 352,ATT,MT1,14:54:11,"1,3","7,28","3,5","5,77"
Band IC 3,Acc > 3m/s²,Syst 352,ATT,MT1,14:54:53,"1,7","5,68","3,1","7,83"
Band IC 3,Dec > 3m/s²,Syst 352,ATT,MT1,14:57:44,"2,7","24,1","3,1","11,87"
Band IC 3,Dec > 3m/s²,Syst 352,ATT,MT1,15:01:56,1,"14,49","3,57","1,69"
Band IC 3,Dec > 3m/s²,Syst 352,ATT,MT1,15:03:23,"4,6","25,5","3,3","13,34"
Band IC 3,Acc > 3m/s²,Syst 352,ATT,MT1,15:08:24,"1,7","5,9","3,52","8,76"
Band IC 3,Acc > 3m/s²,Syst 352,ATT,MT1,15:08:29,"1,3",8,"3,1","6,13"
Band IC 3,Dec > 3m/s²,Syst 352,ATT,MT1,15:08:34,"1,6","21,8","3,61","5,24"
Band IC 3,Dec > 3m/s²,Syst 352,ATT,MT1,15:12:00,4,"28,97","3,47","13,7"
Band IC 3,Acc > 3m/s²,Syst 352,ATT,MT1,15:12:37,"2,6","5,19","3,2","12,5"
Band IC 3,Dec > 3m/s²,Syst 352,ATT,MT1,15:12:54,"1,8","19,28","3,46","5,28"
Band IC 3,Dec > 3m/s²,Syst 352,ATT,MT2,15:33:32,"2,3","24,62","3,91","9,55"
Band IC 3,Dec > 4m/s²,Syst 352,ATT,MT2,15:35:38,"1,8","23,83","4,26","6,46"
Band IC 3,Acc > 3m/s²,Syst 352,ATT,MT2,15:40:32,"2,2","5,45","3,16","10,28"
Band IC 3,Acc > 4m/s²,Syst 352,ATT,MT2,15:41:05,"1,6","5,57","4,33","8,56"
Band IC 3,Dec > 3m/s²,Syst 352,ATT,MT2,15:41:07,"2,2","21,9","3,32","8,61"
Band IC 3,Dec > 3m/s²,Syst 352,ATT,MT2,15:45:05,"1,6","21,75","3,4","5,54"
Band IC 3,Dec > 3m/s²,Syst 352,ATT,MT2,15:46:32,"3,1","30,35","3,53","16,44"
Band IC 3,Dec > 3m/s²,Syst 352,ATT,MT2,15:48:31,3,"20,28","3,29","6,54"
Band IC 3,Acc > 3m/s²,Syst 352,ATT,MT2,15:49:49,"2,6","5,58","3,41","14,75"
Band IC 3,Acc > 3m/s²,Syst 352,ATT,MT2,15:51:04,"2,7","5,13","3,18","13,29"